batch_id,market,index_name,ticker,security_name,announce_date,effective_date,running_variable,cutoff,inclusion,event_type,source,source_url,note,sector
csi300-2020-11,CN,CSI300,002049,紫光国微,2020-11-27,2020-12-11,300.26,300.0,1,official_adjustment_addition,CSIndex official adjustment and reserve attachment,https://oss-ch.csindex.com.cn/static/html/csindex/public/uploads/indices/info/files/20210331/1617182729617116.xlsx,Official adjustment-list order mapped to a boundary ordinal running variable.,
csi300-2020-11,CN,CSI300,002384,东山精密,2020-11-27,2020-12-11,300.25,300.0,1,official_adjustment_addition,CSIndex official adjustment and reserve attachment,https://oss-ch.csindex.com.cn/static/html/csindex/public/uploads/indices/info/files/20210331/1617182729617116.xlsx,Official adjustment-list order mapped to a boundary ordinal running variable.,
csi300-2020-11,CN,CSI300,002414,高德红外,2020-11-27,2020-12-11,300.24,300.0,1,official_adjustment_addition,CSIndex official adjustment and reserve attachment,https://oss-ch.csindex.com.cn/static/html/csindex/public/uploads/indices/info/files/20210331/1617182729617116.xlsx,Official adjustment-list order mapped to a boundary ordinal running variable.,
csi300-2020-11,CN,CSI300,002600,领益智造,2020-11-27,2020-12-11,300.23,300.0,1,official_adjustment_addition,CSIndex official adjustment and reserve attachment,https://oss-ch.csindex.com.cn/static/html/csindex/public/uploads/indices/info/files/20210331/1617182729617116.xlsx,Official adjustment-list order mapped to a boundary ordinal running variable.,
csi300-2020-11,CN,CSI300,002812,恩捷股份,2020-11-27,2020-12-11,300.22,300.0,1,official_adjustment_addition,CSIndex official adjustment and reserve attachment,https://oss-ch.csindex.com.cn/static/html/csindex/public/uploads/indices/info/files/20210331/1617182729617116.xlsx,Official adjustment-list order mapped to a boundary ordinal running variable.,
csi300-2020-11,CN,CSI300,002821,凯莱英,2020-11-27,2020-12-11,300.21,300.0,1,official_adjustment_addition,CSIndex official adjustment and reserve attachment,https://oss-ch.csindex.com.cn/static/html/csindex/public/uploads/indices/info/files/20210331/1617182729617116.xlsx,Official adjustment-list order mapped to a boundary ordinal running variable.,
csi300-2020-11,CN,CSI300,300529,健帆生物,2020-11-27,2020-12-11,300.2,300.0,1,official_adjustment_addition,CSIndex official adjustment and reserve attachment,https://oss-ch.csindex.com.cn/static/html/csindex/public/uploads/indices/info/files/20210331/1617182729617116.xlsx,Official adjustment-list order mapped to a boundary ordinal running variable.,
csi300-2020-11,CN,CSI300,300676,华大基因,2020-11-27,2020-12-11,300.19,300.0,1,official_adjustment_addition,CSIndex official adjustment and reserve attachment,https://oss-ch.csindex.com.cn/static/html/csindex/public/uploads/indices/info/files/20210331/1617182729617116.xlsx,Official adjustment-list order mapped to a boundary ordinal running variable.,
csi300-2020-11,CN,CSI300,600150,中国船舶,2020-11-27,2020-12-11,300.18,300.0,1,official_adjustment_addition,CSIndex official adjustment and reserve attachment,https://oss-ch.csindex.com.cn/static/html/csindex/public/uploads/indices/info/files/20210331/1617182729617116.xlsx,Official adjustment-list order mapped to a boundary ordinal running variable.,
csi300-2020-11,CN,CSI300,600161,天坛生物,2020-11-27,2020-12-11,300.17,300.0,1,official_adjustment_addition,CSIndex official adjustment and reserve attachment,https://oss-ch.csindex.com.cn/static/html/csindex/public/uploads/indices/info/files/20210331/1617182729617116.xlsx,Official adjustment-list order mapped to a boundary ordinal running variable.,
csi300-2020-11,CN,CSI300,600584,长电科技,2020-11-27,2020-12-11,300.16,300.0,1,official_adjustment_addition,CSIndex official adjustment and reserve attachment,https://oss-ch.csindex.com.cn/static/html/csindex/public/uploads/indices/info/files/20210331/1617182729617116.xlsx,Official adjustment-list order mapped to a boundary ordinal running variable.,
csi300-2020-11,CN,CSI300,600600,青岛啤酒,2020-11-27,2020-12-11,300.15,300.0,1,official_adjustment_addition,CSIndex official adjustment and reserve attachment,https://oss-ch.csindex.com.cn/static/html/csindex/public/uploads/indices/info/files/20210331/1617182729617116.xlsx,Official adjustment-list order mapped to a boundary ordinal running variable.,
csi300-2020-11,CN,CSI300,600763,通策医疗,2020-11-27,2020-12-11,300.14,300.0,1,official_adjustment_addition,CSIndex official adjustment and reserve attachment,https://oss-ch.csindex.com.cn/static/html/csindex/public/uploads/indices/info/files/20210331/1617182729617116.xlsx,Official adjustment-list order mapped to a boundary ordinal running variable.,
csi300-2020-11,CN,CSI300,600845,宝信软件,2020-11-27,2020-12-11,300.13,300.0,1,official_adjustment_addition,CSIndex official adjustment and reserve attachment,https://oss-ch.csindex.com.cn/static/html/csindex/public/uploads/indices/info/files/20210331/1617182729617116.xlsx,Official adjustment-list order mapped to a boundary ordinal running variable.,
csi300-2020-11,CN,CSI300,600872,中炬高新,2020-11-27,2020-12-11,300.12,300.0,1,official_adjustment_addition,CSIndex official adjustment and reserve attachment,https://oss-ch.csindex.com.cn/static/html/csindex/public/uploads/indices/info/files/20210331/1617182729617116.xlsx,Official adjustment-list order mapped to a boundary ordinal running variable.,
csi300-2020-11,CN,CSI300,600918,中泰证券,2020-11-27,2020-12-11,300.11,300.0,1,official_adjustment_addition,CSIndex official adjustment and reserve attachment,https://oss-ch.csindex.com.cn/static/html/csindex/public/uploads/indices/info/files/20210331/1617182729617116.xlsx,Official adjustment-list order mapped to a boundary ordinal running variable.,
csi300-2020-11,CN,CSI300,601696,中银证券,2020-11-27,2020-12-11,300.1,300.0,1,official_adjustment_addition,CSIndex official adjustment and reserve attachment,https://oss-ch.csindex.com.cn/static/html/csindex/public/uploads/indices/info/files/20210331/1617182729617116.xlsx,Official adjustment-list order mapped to a boundary ordinal running variable.,
csi300-2020-11,CN,CSI300,601872,招商轮船,2020-11-27,2020-12-11,300.09,300.0,1,official_adjustment_addition,CSIndex official adjustment and reserve attachment,https://oss-ch.csindex.com.cn/static/html/csindex/public/uploads/indices/info/files/20210331/1617182729617116.xlsx,Official adjustment-list order mapped to a boundary ordinal running variable.,
csi300-2020-11,CN,CSI300,601990,南京证券,2020-11-27,2020-12-11,300.08,300.0,1,official_adjustment_addition,CSIndex official adjustment and reserve attachment,https://oss-ch.csindex.com.cn/static/html/csindex/public/uploads/indices/info/files/20210331/1617182729617116.xlsx,Official adjustment-list order mapped to a boundary ordinal running variable.,
csi300-2020-11,CN,CSI300,603087,甘李药业,2020-11-27,2020-12-11,300.07,300.0,1,official_adjustment_addition,CSIndex official adjustment and reserve attachment,https://oss-ch.csindex.com.cn/static/html/csindex/public/uploads/indices/info/files/20210331/1617182729617116.xlsx,Official adjustment-list order mapped to a boundary ordinal running variable.,
csi300-2020-11,CN,CSI300,603195,公牛集团,2020-11-27,2020-12-11,300.06,300.0,1,official_adjustment_addition,CSIndex official adjustment and reserve attachment,https://oss-ch.csindex.com.cn/static/html/csindex/public/uploads/indices/info/files/20210331/1617182729617116.xlsx,Official adjustment-list order mapped to a boundary ordinal running variable.,
csi300-2020-11,CN,CSI300,603392,万泰生物,2020-11-27,2020-12-11,300.05,300.0,1,official_adjustment_addition,CSIndex official adjustment and reserve attachment,https://oss-ch.csindex.com.cn/static/html/csindex/public/uploads/indices/info/files/20210331/1617182729617116.xlsx,Official adjustment-list order mapped to a boundary ordinal running variable.,
csi300-2020-11,CN,CSI300,688008,澜起科技,2020-11-27,2020-12-11,300.04,300.0,1,official_adjustment_addition,CSIndex official adjustment and reserve attachment,https://oss-ch.csindex.com.cn/static/html/csindex/public/uploads/indices/info/files/20210331/1617182729617116.xlsx,Official adjustment-list order mapped to a boundary ordinal running variable.,
csi300-2020-11,CN,CSI300,688009,中国通号,2020-11-27,2020-12-11,300.03,300.0,1,official_adjustment_addition,CSIndex official adjustment and reserve attachment,https://oss-ch.csindex.com.cn/static/html/csindex/public/uploads/indices/info/files/20210331/1617182729617116.xlsx,Official adjustment-list order mapped to a boundary ordinal running variable.,
csi300-2020-11,CN,CSI300,688012,中微公司,2020-11-27,2020-12-11,300.02,300.0,1,official_adjustment_addition,CSIndex official adjustment and reserve attachment,https://oss-ch.csindex.com.cn/static/html/csindex/public/uploads/indices/info/files/20210331/1617182729617116.xlsx,Official adjustment-list order mapped to a boundary ordinal running variable.,
csi300-2020-11,CN,CSI300,688036,传音控股,2020-11-27,2020-12-11,300.01,300.0,1,official_adjustment_addition,CSIndex official adjustment and reserve attachment,https://oss-ch.csindex.com.cn/static/html/csindex/public/uploads/indices/info/files/20210331/1617182729617116.xlsx,Official adjustment-list order mapped to a boundary ordinal running variable.,
csi300-2020-11,CN,CSI300,300308,中际旭创,2020-11-27,2020-12-11,299.99,300.0,0,official_reserve_control,CSIndex official adjustment and reserve attachment,https://oss-ch.csindex.com.cn/static/html/csindex/public/uploads/indices/info/files/20210331/1617182729617116.xlsx,Official reserve-list rank 1 mapped below the CSI300 cutoff.,
csi300-2020-11,CN,CSI300,603233,大参林,2020-11-27,2020-12-11,299.98,300.0,0,official_reserve_control,CSIndex official adjustment and reserve attachment,https://oss-ch.csindex.com.cn/static/html/csindex/public/uploads/indices/info/files/20210331/1617182729617116.xlsx,Official reserve-list rank 2 mapped below the CSI300 cutoff.,
csi300-2020-11,CN,CSI300,300450,先导智能,2020-11-27,2020-12-11,299.97,300.0,0,official_reserve_control,CSIndex official adjustment and reserve attachment,https://oss-ch.csindex.com.cn/static/html/csindex/public/uploads/indices/info/files/20210331/1617182729617116.xlsx,Official reserve-list rank 3 mapped below the CSI300 cutoff.,
csi300-2020-11,CN,CSI300,300558,贝达药业,2020-11-27,2020-12-11,299.96,300.0,0,official_reserve_control,CSIndex official adjustment and reserve attachment,https://oss-ch.csindex.com.cn/static/html/csindex/public/uploads/indices/info/files/20210331/1617182729617116.xlsx,Official reserve-list rank 4 mapped below the CSI300 cutoff.,
csi300-2020-11,CN,CSI300,603939,益丰药房,2020-11-27,2020-12-11,299.95,300.0,0,official_reserve_control,CSIndex official adjustment and reserve attachment,https://oss-ch.csindex.com.cn/static/html/csindex/public/uploads/indices/info/files/20210331/1617182729617116.xlsx,Official reserve-list rank 5 mapped below the CSI300 cutoff.,
csi300-2020-11,CN,CSI300,000800,一汽解放,2020-11-27,2020-12-11,299.94,300.0,0,official_reserve_control,CSIndex official adjustment and reserve attachment,https://oss-ch.csindex.com.cn/static/html/csindex/public/uploads/indices/info/files/20210331/1617182729617116.xlsx,Official reserve-list rank 6 mapped below the CSI300 cutoff.,
csi300-2020-11,CN,CSI300,603707,健友股份,2020-11-27,2020-12-11,299.93,300.0,0,official_reserve_control,CSIndex official adjustment and reserve attachment,https://oss-ch.csindex.com.cn/static/html/csindex/public/uploads/indices/info/files/20210331/1617182729617116.xlsx,Official reserve-list rank 7 mapped below the CSI300 cutoff.,
csi300-2020-11,CN,CSI300,603659,璞泰来,2020-11-27,2020-12-11,299.92,300.0,0,official_reserve_control,CSIndex official adjustment and reserve attachment,https://oss-ch.csindex.com.cn/static/html/csindex/public/uploads/indices/info/files/20210331/1617182729617116.xlsx,Official reserve-list rank 8 mapped below the CSI300 cutoff.,
csi300-2020-11,CN,CSI300,600521,华海药业,2020-11-27,2020-12-11,299.91,300.0,0,official_reserve_control,CSIndex official adjustment and reserve attachment,https://oss-ch.csindex.com.cn/static/html/csindex/public/uploads/indices/info/files/20210331/1617182729617116.xlsx,Official reserve-list rank 9 mapped below the CSI300 cutoff.,
csi300-2020-11,CN,CSI300,300253,卫宁健康,2020-11-27,2020-12-11,299.9,300.0,0,official_reserve_control,CSIndex official adjustment and reserve attachment,https://oss-ch.csindex.com.cn/static/html/csindex/public/uploads/indices/info/files/20210331/1617182729617116.xlsx,Official reserve-list rank 10 mapped below the CSI300 cutoff.,
csi300-2020-11,CN,CSI300,002065,东华软件,2020-11-27,2020-12-11,299.89,300.0,0,official_reserve_control,CSIndex official adjustment and reserve attachment,https://oss-ch.csindex.com.cn/static/html/csindex/public/uploads/indices/info/files/20210331/1617182729617116.xlsx,Official reserve-list rank 11 mapped below the CSI300 cutoff.,
csi300-2020-11,CN,CSI300,002127,南极电商,2020-11-27,2020-12-11,299.88,300.0,0,official_reserve_control,CSIndex official adjustment and reserve attachment,https://oss-ch.csindex.com.cn/static/html/csindex/public/uploads/indices/info/files/20210331/1617182729617116.xlsx,Official reserve-list rank 12 mapped below the CSI300 cutoff.,
csi300-2020-11,CN,CSI300,300383,光环新网,2020-11-27,2020-12-11,299.87,300.0,0,official_reserve_control,CSIndex official adjustment and reserve attachment,https://oss-ch.csindex.com.cn/static/html/csindex/public/uploads/indices/info/files/20210331/1617182729617116.xlsx,Official reserve-list rank 13 mapped below the CSI300 cutoff.,
csi300-2020-11,CN,CSI300,300661,圣邦股份,2020-11-27,2020-12-11,299.86,300.0,0,official_reserve_control,CSIndex official adjustment and reserve attachment,https://oss-ch.csindex.com.cn/static/html/csindex/public/uploads/indices/info/files/20210331/1617182729617116.xlsx,Official reserve-list rank 14 mapped below the CSI300 cutoff.,
csi300-2020-11,CN,CSI300,603517,绝味食品,2020-11-27,2020-12-11,299.85,300.0,0,official_reserve_control,CSIndex official adjustment and reserve attachment,https://oss-ch.csindex.com.cn/static/html/csindex/public/uploads/indices/info/files/20210331/1617182729617116.xlsx,Official reserve-list rank 15 mapped below the CSI300 cutoff.,
csi300-2021-05,CN,CSI300,000800,一汽解放,2021-05-28,2021-06-11,300.25,300.0,1,official_adjustment_addition,CSIndex official adjustment and reserve attachment,https://oss-ch.csindex.com.cn/static/html/csindex/public/uploads/indices/info/files/20210610/1623319091660435.xlsx,Official adjustment-list order mapped to a boundary ordinal running variable.,
csi300-2021-05,CN,CSI300,300274,阳光电源,2021-05-28,2021-06-11,300.24,300.0,1,official_adjustment_addition,CSIndex official adjustment and reserve attachment,https://oss-ch.csindex.com.cn/static/html/csindex/public/uploads/indices/info/files/20210610/1623319091660435.xlsx,Official adjustment-list order mapped to a boundary ordinal running variable.,
csi300-2021-05,CN,CSI300,300450,先导智能,2021-05-28,2021-06-11,300.23,300.0,1,official_adjustment_addition,CSIndex official adjustment and reserve attachment,https://oss-ch.csindex.com.cn/static/html/csindex/public/uploads/indices/info/files/20210610/1623319091660435.xlsx,Official adjustment-list order mapped to a boundary ordinal running variable.,
csi300-2021-05,CN,CSI300,300558,贝达药业,2021-05-28,2021-06-11,300.22,300.0,1,official_adjustment_addition,CSIndex official adjustment and reserve attachment,https://oss-ch.csindex.com.cn/static/html/csindex/public/uploads/indices/info/files/20210610/1623319091660435.xlsx,Official adjustment-list order mapped to a boundary ordinal running variable.,
csi300-2021-05,CN,CSI300,300595,欧普康视,2021-05-28,2021-06-11,300.21,300.0,1,official_adjustment_addition,CSIndex official adjustment and reserve attachment,https://oss-ch.csindex.com.cn/static/html/csindex/public/uploads/indices/info/files/20210610/1623319091660435.xlsx,Official adjustment-list order mapped to a boundary ordinal running variable.,
csi300-2021-05,CN,CSI300,300677,英科医疗,2021-05-28,2021-06-11,300.2,300.0,1,official_adjustment_addition,CSIndex official adjustment and reserve attachment,https://oss-ch.csindex.com.cn/static/html/csindex/public/uploads/indices/info/files/20210610/1623319091660435.xlsx,Official adjustment-list order mapped to a boundary ordinal running variable.,
csi300-2021-05,CN,CSI300,600079,人福医药,2021-05-28,2021-06-11,300.19,300.0,1,official_adjustment_addition,CSIndex official adjustment and reserve attachment,https://oss-ch.csindex.com.cn/static/html/csindex/public/uploads/indices/info/files/20210610/1623319091660435.xlsx,Official adjustment-list order mapped to a boundary ordinal running variable.,
csi300-2021-05,CN,CSI300,600132,重庆啤酒,2021-05-28,2021-06-11,300.18,300.0,1,official_adjustment_addition,CSIndex official adjustment and reserve attachment,https://oss-ch.csindex.com.cn/static/html/csindex/public/uploads/indices/info/files/20210610/1623319091660435.xlsx,Official adjustment-list order mapped to a boundary ordinal running variable.,
csi300-2021-05,CN,CSI300,600143,金发科技,2021-05-28,2021-06-11,300.17,300.0,1,official_adjustment_addition,CSIndex official adjustment and reserve attachment,https://oss-ch.csindex.com.cn/static/html/csindex/public/uploads/indices/info/files/20210610/1623319091660435.xlsx,Official adjustment-list order mapped to a boundary ordinal running variable.,
csi300-2021-05,CN,CSI300,600426,华鲁恒升,2021-05-28,2021-06-11,300.16,300.0,1,official_adjustment_addition,CSIndex official adjustment and reserve attachment,https://oss-ch.csindex.com.cn/static/html/csindex/public/uploads/indices/info/files/20210610/1623319091660435.xlsx,Official adjustment-list order mapped to a boundary ordinal running variable.,
csi300-2021-05,CN,CSI300,600521,华海药业,2021-05-28,2021-06-11,300.15,300.0,1,official_adjustment_addition,CSIndex official adjustment and reserve attachment,https://oss-ch.csindex.com.cn/static/html/csindex/public/uploads/indices/info/files/20210610/1623319091660435.xlsx,Official adjustment-list order mapped to a boundary ordinal running variable.,
csi300-2021-05,CN,CSI300,601799,星宇股份,2021-05-28,2021-06-11,300.14,300.0,1,official_adjustment_addition,CSIndex official adjustment and reserve attachment,https://oss-ch.csindex.com.cn/static/html/csindex/public/uploads/indices/info/files/20210610/1623319091660435.xlsx,Official adjustment-list order mapped to a boundary ordinal running variable.,
csi300-2021-05,CN,CSI300,601995,中金公司,2021-05-28,2021-06-11,300.13,300.0,1,official_adjustment_addition,CSIndex official adjustment and reserve attachment,https://oss-ch.csindex.com.cn/static/html/csindex/public/uploads/indices/info/files/20210610/1623319091660435.xlsx,Official adjustment-list order mapped to a boundary ordinal running variable.,
csi300-2021-05,CN,CSI300,603233,大参林,2021-05-28,2021-06-11,300.12,300.0,1,official_adjustment_addition,CSIndex official adjustment and reserve attachment,https://oss-ch.csindex.com.cn/static/html/csindex/public/uploads/indices/info/files/20210610/1623319091660435.xlsx,Official adjustment-list order mapped to a boundary ordinal running variable.,
csi300-2021-05,CN,CSI300,603338,浙江鼎力,2021-05-28,2021-06-11,300.11,300.0,1,official_adjustment_addition,CSIndex official adjustment and reserve attachment,https://oss-ch.csindex.com.cn/static/html/csindex/public/uploads/indices/info/files/20210610/1623319091660435.xlsx,Official adjustment-list order mapped to a boundary ordinal running variable.,
csi300-2021-05,CN,CSI300,603517,绝味食品,2021-05-28,2021-06-11,300.1,300.0,1,official_adjustment_addition,CSIndex official adjustment and reserve attachment,https://oss-ch.csindex.com.cn/static/html/csindex/public/uploads/indices/info/files/20210610/1623319091660435.xlsx,Official adjustment-list order mapped to a boundary ordinal running variable.,
csi300-2021-05,CN,CSI300,603659,璞泰来,2021-05-28,2021-06-11,300.09,300.0,1,official_adjustment_addition,CSIndex official adjustment and reserve attachment,https://oss-ch.csindex.com.cn/static/html/csindex/public/uploads/indices/info/files/20210610/1623319091660435.xlsx,Official adjustment-list order mapped to a boundary ordinal running variable.,
csi300-2021-05,CN,CSI300,603806,福斯特,2021-05-28,2021-06-11,300.08,300.0,1,official_adjustment_addition,CSIndex official adjustment and reserve attachment,https://oss-ch.csindex.com.cn/static/html/csindex/public/uploads/indices/info/files/20210610/1623319091660435.xlsx,Official adjustment-list order mapped to a boundary ordinal running variable.,
csi300-2021-05,CN,CSI300,603882,金域医学,2021-05-28,2021-06-11,300.07,300.0,1,official_adjustment_addition,CSIndex official adjustment and reserve attachment,https://oss-ch.csindex.com.cn/static/html/csindex/public/uploads/indices/info/files/20210610/1623319091660435.xlsx,Official adjustment-list order mapped to a boundary ordinal running variable.,
csi300-2021-05,CN,CSI300,603939,益丰药房,2021-05-28,2021-06-11,300.06,300.0,1,official_adjustment_addition,CSIndex official adjustment and reserve attachment,https://oss-ch.csindex.com.cn/static/html/csindex/public/uploads/indices/info/files/20210610/1623319091660435.xlsx,Official adjustment-list order mapped to a boundary ordinal running variable.,
csi300-2021-05,CN,CSI300,688111,金山办公,2021-05-28,2021-06-11,300.05,300.0,1,official_adjustment_addition,CSIndex official adjustment and reserve attachment,https://oss-ch.csindex.com.cn/static/html/csindex/public/uploads/indices/info/files/20210610/1623319091660435.xlsx,Official adjustment-list order mapped to a boundary ordinal running variable.,
csi300-2021-05,CN,CSI300,688126,沪硅产业-U,2021-05-28,2021-06-11,300.04,300.0,1,official_adjustment_addition,CSIndex official adjustment and reserve attachment,https://oss-ch.csindex.com.cn/static/html/csindex/public/uploads/indices/info/files/20210610/1623319091660435.xlsx,Official adjustment-list order mapped to a boundary ordinal running variable.,
csi300-2021-05,CN,CSI300,688169,石头科技,2021-05-28,2021-06-11,300.03,300.0,1,official_adjustment_addition,CSIndex official adjustment and reserve attachment,https://oss-ch.csindex.com.cn/static/html/csindex/public/uploads/indices/info/files/20210610/1623319091660435.xlsx,Official adjustment-list order mapped to a boundary ordinal running variable.,
csi300-2021-05,CN,CSI300,688363,华熙生物,2021-05-28,2021-06-11,300.02,300.0,1,official_adjustment_addition,CSIndex official adjustment and reserve attachment,https://oss-ch.csindex.com.cn/static/html/csindex/public/uploads/indices/info/files/20210610/1623319091660435.xlsx,Official adjustment-list order mapped to a boundary ordinal running variable.,
csi300-2021-05,CN,CSI300,688396,华润微,2021-05-28,2021-06-11,300.01,300.0,1,official_adjustment_addition,CSIndex official adjustment and reserve attachment,https://oss-ch.csindex.com.cn/static/html/csindex/public/uploads/indices/info/files/20210610/1623319091660435.xlsx,Official adjustment-list order mapped to a boundary ordinal running variable.,
csi300-2021-05,CN,CSI300,600298,安琪酵母,2021-05-28,2021-06-11,299.99,300.0,0,official_reserve_control,CSIndex official adjustment and reserve attachment,https://oss-ch.csindex.com.cn/static/html/csindex/public/uploads/indices/info/files/20210610/1623319091660435.xlsx,Official reserve-list rank 1 mapped below the CSI300 cutoff.,
csi300-2021-05,CN,CSI300,300661,圣邦股份,2021-05-28,2021-06-11,299.98,300.0,0,official_reserve_control,CSIndex official adjustment and reserve attachment,https://oss-ch.csindex.com.cn/static/html/csindex/public/uploads/indices/info/files/20210610/1623319091660435.xlsx,Official reserve-list rank 2 mapped below the CSI300 cutoff.,
csi300-2021-05,CN,CSI300,002791,坚朗五金,2021-05-28,2021-06-11,299.97,300.0,0,official_reserve_control,CSIndex official adjustment and reserve attachment,https://oss-ch.csindex.com.cn/static/html/csindex/public/uploads/indices/info/files/20210610/1623319091660435.xlsx,Official reserve-list rank 3 mapped below the CSI300 cutoff.,
csi300-2021-05,CN,CSI300,601966,玲珑轮胎,2021-05-28,2021-06-11,299.96,300.0,0,official_reserve_control,CSIndex official adjustment and reserve attachment,https://oss-ch.csindex.com.cn/static/html/csindex/public/uploads/indices/info/files/20210610/1623319091660435.xlsx,Official reserve-list rank 4 mapped below the CSI300 cutoff.,
csi300-2021-05,CN,CSI300,000987,越秀金控,2021-05-28,2021-06-11,299.95,300.0,0,official_reserve_control,CSIndex official adjustment and reserve attachment,https://oss-ch.csindex.com.cn/static/html/csindex/public/uploads/indices/info/files/20210610/1623319091660435.xlsx,Official reserve-list rank 5 mapped below the CSI300 cutoff.,
csi300-2021-05,CN,CSI300,601865,福莱特,2021-05-28,2021-06-11,299.94,300.0,0,official_reserve_control,CSIndex official adjustment and reserve attachment,https://oss-ch.csindex.com.cn/static/html/csindex/public/uploads/indices/info/files/20210610/1623319091660435.xlsx,Official reserve-list rank 6 mapped below the CSI300 cutoff.,
csi300-2021-05,CN,CSI300,002064,华峰化学,2021-05-28,2021-06-11,299.93,300.0,0,official_reserve_control,CSIndex official adjustment and reserve attachment,https://oss-ch.csindex.com.cn/static/html/csindex/public/uploads/indices/info/files/20210610/1623319091660435.xlsx,Official reserve-list rank 7 mapped below the CSI300 cutoff.,
csi300-2021-05,CN,CSI300,002459,晶澳科技,2021-05-28,2021-06-11,299.92,300.0,0,official_reserve_control,CSIndex official adjustment and reserve attachment,https://oss-ch.csindex.com.cn/static/html/csindex/public/uploads/indices/info/files/20210610/1623319091660435.xlsx,Official reserve-list rank 8 mapped below the CSI300 cutoff.,
csi300-2021-05,CN,CSI300,000301,东方盛虹,2021-05-28,2021-06-11,299.91,300.0,0,official_reserve_control,CSIndex official adjustment and reserve attachment,https://oss-ch.csindex.com.cn/static/html/csindex/public/uploads/indices/info/files/20210610/1623319091660435.xlsx,Official reserve-list rank 9 mapped below the CSI300 cutoff.,
csi300-2021-05,CN,CSI300,002920,德赛西威,2021-05-28,2021-06-11,299.9,300.0,0,official_reserve_control,CSIndex official adjustment and reserve attachment,https://oss-ch.csindex.com.cn/static/html/csindex/public/uploads/indices/info/files/20210610/1623319091660435.xlsx,Official reserve-list rank 10 mapped below the CSI300 cutoff.,
csi300-2021-05,CN,CSI300,300012,华测检测,2021-05-28,2021-06-11,299.89,300.0,0,official_reserve_control,CSIndex official adjustment and reserve attachment,https://oss-ch.csindex.com.cn/static/html/csindex/public/uploads/indices/info/files/20210610/1623319091660435.xlsx,Official reserve-list rank 11 mapped below the CSI300 cutoff.,
csi300-2021-05,CN,CSI300,300496,中科创达,2021-05-28,2021-06-11,299.88,300.0,0,official_reserve_control,CSIndex official adjustment and reserve attachment,https://oss-ch.csindex.com.cn/static/html/csindex/public/uploads/indices/info/files/20210610/1623319091660435.xlsx,Official reserve-list rank 12 mapped below the CSI300 cutoff.,
csi300-2021-05,CN,CSI300,603345,安井食品,2021-05-28,2021-06-11,299.87,300.0,0,official_reserve_control,CSIndex official adjustment and reserve attachment,https://oss-ch.csindex.com.cn/static/html/csindex/public/uploads/indices/info/files/20210610/1623319091660435.xlsx,Official reserve-list rank 13 mapped below the CSI300 cutoff.,
csi300-2021-05,CN,CSI300,601898,中煤能源,2021-05-28,2021-06-11,299.86,300.0,0,official_reserve_control,CSIndex official adjustment and reserve attachment,https://oss-ch.csindex.com.cn/static/html/csindex/public/uploads/indices/info/files/20210610/1623319091660435.xlsx,Official reserve-list rank 14 mapped below the CSI300 cutoff.,
csi300-2021-05,CN,CSI300,002568,百润股份,2021-05-28,2021-06-11,299.85,300.0,0,official_reserve_control,CSIndex official adjustment and reserve attachment,https://oss-ch.csindex.com.cn/static/html/csindex/public/uploads/indices/info/files/20210610/1623319091660435.xlsx,Official reserve-list rank 15 mapped below the CSI300 cutoff.,
csi300-2021-11,CN,CSI300,000301,东方盛虹,2021-11-26,2021-12-10,300.28,300.0,1,official_adjustment_addition,CSIndex official adjustment and reserve attachment,https://oss-ch.csindex.com.cn/notice/20211130195824-中证指数调入调出名单.xlsx,Official adjustment-list order mapped to a boundary ordinal running variable.,
csi300-2021-11,CN,CSI300,002064,华峰化学,2021-11-26,2021-12-10,300.27,300.0,1,official_adjustment_addition,CSIndex official adjustment and reserve attachment,https://oss-ch.csindex.com.cn/notice/20211130195824-中证指数调入调出名单.xlsx,Official adjustment-list order mapped to a boundary ordinal running variable.,
csi300-2021-11,CN,CSI300,002459,晶澳科技,2021-11-26,2021-12-10,300.26,300.0,1,official_adjustment_addition,CSIndex official adjustment and reserve attachment,https://oss-ch.csindex.com.cn/notice/20211130195824-中证指数调入调出名单.xlsx,Official adjustment-list order mapped to a boundary ordinal running variable.,
csi300-2021-11,CN,CSI300,002466,天齐锂业,2021-11-26,2021-12-10,300.25,300.0,1,official_adjustment_addition,CSIndex official adjustment and reserve attachment,https://oss-ch.csindex.com.cn/notice/20211130195824-中证指数调入调出名单.xlsx,Official adjustment-list order mapped to a boundary ordinal running variable.,
csi300-2021-11,CN,CSI300,002568,百润股份,2021-11-26,2021-12-10,300.24,300.0,1,official_adjustment_addition,CSIndex official adjustment and reserve attachment,https://oss-ch.csindex.com.cn/notice/20211130195824-中证指数调入调出名单.xlsx,Official adjustment-list order mapped to a boundary ordinal running variable.,
csi300-2021-11,CN,CSI300,002709,天赐材料,2021-11-26,2021-12-10,300.23,300.0,1,official_adjustment_addition,CSIndex official adjustment and reserve attachment,https://oss-ch.csindex.com.cn/notice/20211130195824-中证指数调入调出名单.xlsx,Official adjustment-list order mapped to a boundary ordinal running variable.,
csi300-2021-11,CN,CSI300,002791,坚朗五金,2021-11-26,2021-12-10,300.22,300.0,1,official_adjustment_addition,CSIndex official adjustment and reserve attachment,https://oss-ch.csindex.com.cn/notice/20211130195824-中证指数调入调出名单.xlsx,Official adjustment-list order mapped to a boundary ordinal running variable.,
csi300-2021-11,CN,CSI300,300316,晶盛机电,2021-11-26,2021-12-10,300.21,300.0,1,official_adjustment_addition,CSIndex official adjustment and reserve attachment,https://oss-ch.csindex.com.cn/notice/20211130195824-中证指数调入调出名单.xlsx,Official adjustment-list order mapped to a boundary ordinal running variable.,
csi300-2021-11,CN,CSI300,300750,宁德时代,2021-11-26,2021-12-10,300.2,300.0,1,official_adjustment_addition,CSIndex official adjustment and reserve attachment,https://oss-ch.csindex.com.cn/notice/20211130195824-中证指数调入调出名单.xlsx,Official adjustment-list order mapped to a boundary ordinal running variable.,
csi300-2021-11,CN,CSI300,300759,康龙化成,2021-11-26,2021-12-10,300.19,300.0,1,official_adjustment_addition,CSIndex official adjustment and reserve attachment,https://oss-ch.csindex.com.cn/notice/20211130195824-中证指数调入调出名单.xlsx,Official adjustment-list order mapped to a boundary ordinal running variable.,
csi300-2021-11,CN,CSI300,300760,迈瑞医疗,2021-11-26,2021-12-10,300.18,300.0,1,official_adjustment_addition,CSIndex official adjustment and reserve attachment,https://oss-ch.csindex.com.cn/notice/20211130195824-中证指数调入调出名单.xlsx,Official adjustment-list order mapped to a boundary ordinal running variable.,
csi300-2021-11,CN,CSI300,300782,卓胜微,2021-11-26,2021-12-10,300.17,300.0,1,official_adjustment_addition,CSIndex official adjustment and reserve attachment,https://oss-ch.csindex.com.cn/notice/20211130195824-中证指数调入调出名单.xlsx,Official adjustment-list order mapped to a boundary ordinal running variable.,
csi300-2021-11,CN,CSI300,300866,安克创新,2021-11-26,2021-12-10,300.16,300.0,1,official_adjustment_addition,CSIndex official adjustment and reserve attachment,https://oss-ch.csindex.com.cn/notice/20211130195824-中证指数调入调出名单.xlsx,Official adjustment-list order mapped to a boundary ordinal running variable.,
csi300-2021-11,CN,CSI300,300888,稳健医疗,2021-11-26,2021-12-10,300.15,300.0,1,official_adjustment_addition,CSIndex official adjustment and reserve attachment,https://oss-ch.csindex.com.cn/notice/20211130195824-中证指数调入调出名单.xlsx,Official adjustment-list order mapped to a boundary ordinal running variable.,
csi300-2021-11,CN,CSI300,300896,爱美客,2021-11-26,2021-12-10,300.14,300.0,1,official_adjustment_addition,CSIndex official adjustment and reserve attachment,https://oss-ch.csindex.com.cn/notice/20211130195824-中证指数调入调出名单.xlsx,Official adjustment-list order mapped to a boundary ordinal running variable.,
csi300-2021-11,CN,CSI300,300999,金龙鱼,2021-11-26,2021-12-10,300.13,300.0,1,official_adjustment_addition,CSIndex official adjustment and reserve attachment,https://oss-ch.csindex.com.cn/notice/20211130195824-中证指数调入调出名单.xlsx,Official adjustment-list order mapped to a boundary ordinal running variable.,
csi300-2021-11,CN,CSI300,600905,三峡能源,2021-11-26,2021-12-10,300.12,300.0,1,official_adjustment_addition,CSIndex official adjustment and reserve attachment,https://oss-ch.csindex.com.cn/notice/20211130195824-中证指数调入调出名单.xlsx,Official adjustment-list order mapped to a boundary ordinal running variable.,
csi300-2021-11,CN,CSI300,601728,中国电信,2021-11-26,2021-12-10,300.11,300.0,1,official_adjustment_addition,CSIndex official adjustment and reserve attachment,https://oss-ch.csindex.com.cn/notice/20211130195824-中证指数调入调出名单.xlsx,Official adjustment-list order mapped to a boundary ordinal running variable.,
csi300-2021-11,CN,CSI300,601865,福莱特,2021-11-26,2021-12-10,300.1,300.0,1,official_adjustment_addition,CSIndex official adjustment and reserve attachment,https://oss-ch.csindex.com.cn/notice/20211130195824-中证指数调入调出名单.xlsx,Official adjustment-list order mapped to a boundary ordinal running variable.,
csi300-2021-11,CN,CSI300,601868,中国能建,2021-11-26,2021-12-10,300.09,300.0,1,official_adjustment_addition,CSIndex official adjustment and reserve attachment,https://oss-ch.csindex.com.cn/notice/20211130195824-中证指数调入调出名单.xlsx,Official adjustment-list order mapped to a boundary ordinal running variable.,
csi300-2021-11,CN,CSI300,601898,中煤能源,2021-11-26,2021-12-10,300.08,300.0,1,official_adjustment_addition,CSIndex official adjustment and reserve attachment,https://oss-ch.csindex.com.cn/notice/20211130195824-中证指数调入调出名单.xlsx,Official adjustment-list order mapped to a boundary ordinal running variable.,
csi300-2021-11,CN,CSI300,601966,玲珑轮胎,2021-11-26,2021-12-10,300.07,300.0,1,official_adjustment_addition,CSIndex official adjustment and reserve attachment,https://oss-ch.csindex.com.cn/notice/20211130195824-中证指数调入调出名单.xlsx,Official adjustment-list order mapped to a boundary ordinal running variable.,
csi300-2021-11,CN,CSI300,603260,合盛硅业,2021-11-26,2021-12-10,300.06,300.0,1,official_adjustment_addition,CSIndex official adjustment and reserve attachment,https://oss-ch.csindex.com.cn/notice/20211130195824-中证指数调入调出名单.xlsx,Official adjustment-list order mapped to a boundary ordinal running variable.,
csi300-2021-11,CN,CSI300,603486,科沃斯,2021-11-26,2021-12-10,300.05,300.0,1,official_adjustment_addition,CSIndex official adjustment and reserve attachment,https://oss-ch.csindex.com.cn/notice/20211130195824-中证指数调入调出名单.xlsx,Official adjustment-list order mapped to a boundary ordinal running variable.,
csi300-2021-11,CN,CSI300,605499,东鹏饮料,2021-11-26,2021-12-10,300.04,300.0,1,official_adjustment_addition,CSIndex official adjustment and reserve attachment,https://oss-ch.csindex.com.cn/notice/20211130195824-中证指数调入调出名单.xlsx,Official adjustment-list order mapped to a boundary ordinal running variable.,
csi300-2021-11,CN,CSI300,688561,奇安信-U,2021-11-26,2021-12-10,300.03,300.0,1,official_adjustment_addition,CSIndex official adjustment and reserve attachment,https://oss-ch.csindex.com.cn/notice/20211130195824-中证指数调入调出名单.xlsx,Official adjustment-list order mapped to a boundary ordinal running variable.,
csi300-2021-11,CN,CSI300,688599,天合光能,2021-11-26,2021-12-10,300.02,300.0,1,official_adjustment_addition,CSIndex official adjustment and reserve attachment,https://oss-ch.csindex.com.cn/notice/20211130195824-中证指数调入调出名单.xlsx,Official adjustment-list order mapped to a boundary ordinal running variable.,
csi300-2021-11,CN,CSI300,688981,中芯国际,2021-11-26,2021-12-10,300.01,300.0,1,official_adjustment_addition,CSIndex official adjustment and reserve attachment,https://oss-ch.csindex.com.cn/notice/20211130195824-中证指数调入调出名单.xlsx,Official adjustment-list order mapped to a boundary ordinal running variable.,
csi300-2021-11,CN,CSI300,300496,中科创达,2021-11-26,2021-12-10,299.99,300.0,0,official_reserve_control,CSIndex official adjustment and reserve attachment,https://oss-ch.csindex.com.cn/notice/20211130195824-中证指数调入调出名单.xlsx,Official reserve-list rank 1 mapped below the CSI300 cutoff.,
csi300-2021-11,CN,CSI300,300661,圣邦股份,2021-11-26,2021-12-10,299.98,300.0,0,official_reserve_control,CSIndex official adjustment and reserve attachment,https://oss-ch.csindex.com.cn/notice/20211130195824-中证指数调入调出名单.xlsx,Official reserve-list rank 2 mapped below the CSI300 cutoff.,
csi300-2021-11,CN,CSI300,002074,国轩高科,2021-11-26,2021-12-10,299.97,300.0,0,official_reserve_control,CSIndex official adjustment and reserve attachment,https://oss-ch.csindex.com.cn/notice/20211130195824-中证指数调入调出名单.xlsx,Official reserve-list rank 3 mapped below the CSI300 cutoff.,
csi300-2021-11,CN,CSI300,002648,卫星化学,2021-11-26,2021-12-10,299.96,300.0,0,official_reserve_control,CSIndex official adjustment and reserve attachment,https://oss-ch.csindex.com.cn/notice/20211130195824-中证指数调入调出名单.xlsx,Official reserve-list rank 4 mapped below the CSI300 cutoff.,
csi300-2021-11,CN,CSI300,689009,九号公司-WD,2021-11-26,2021-12-10,299.95,300.0,0,official_reserve_control,CSIndex official adjustment and reserve attachment,https://oss-ch.csindex.com.cn/notice/20211130195824-中证指数调入调出名单.xlsx,Official reserve-list rank 5 mapped below the CSI300 cutoff.,
csi300-2021-11,CN,CSI300,688180,君实生物-U,2021-11-26,2021-12-10,299.94,300.0,0,official_reserve_control,CSIndex official adjustment and reserve attachment,https://oss-ch.csindex.com.cn/notice/20211130195824-中证指数调入调出名单.xlsx,Official reserve-list rank 6 mapped below the CSI300 cutoff.,
csi300-2021-11,CN,CSI300,688185,康希诺-U,2021-11-26,2021-12-10,299.93,300.0,0,official_reserve_control,CSIndex official adjustment and reserve attachment,https://oss-ch.csindex.com.cn/notice/20211130195824-中证指数调入调出名单.xlsx,Official reserve-list rank 7 mapped below the CSI300 cutoff.,
csi300-2021-11,CN,CSI300,002920,德赛西威,2021-11-26,2021-12-10,299.92,300.0,0,official_reserve_control,CSIndex official adjustment and reserve attachment,https://oss-ch.csindex.com.cn/notice/20211130195824-中证指数调入调出名单.xlsx,Official reserve-list rank 8 mapped below the CSI300 cutoff.,
csi300-2021-11,CN,CSI300,600089,特变电工,2021-11-26,2021-12-10,299.91,300.0,0,official_reserve_control,CSIndex official adjustment and reserve attachment,https://oss-ch.csindex.com.cn/notice/20211130195824-中证指数调入调出名单.xlsx,Official reserve-list rank 9 mapped below the CSI300 cutoff.,
csi300-2021-11,CN,CSI300,688256,寒武纪-U,2021-11-26,2021-12-10,299.9,300.0,0,official_reserve_control,CSIndex official adjustment and reserve attachment,https://oss-ch.csindex.com.cn/notice/20211130195824-中证指数调入调出名单.xlsx,Official reserve-list rank 10 mapped below the CSI300 cutoff.,
csi300-2021-11,CN,CSI300,600460,士兰微,2021-11-26,2021-12-10,299.89,300.0,0,official_reserve_control,CSIndex official adjustment and reserve attachment,https://oss-ch.csindex.com.cn/notice/20211130195824-中证指数调入调出名单.xlsx,Official reserve-list rank 11 mapped below the CSI300 cutoff.,
csi300-2021-11,CN,CSI300,601233,桐昆股份,2021-11-26,2021-12-10,299.88,300.0,0,official_reserve_control,CSIndex official adjustment and reserve attachment,https://oss-ch.csindex.com.cn/notice/20211130195824-中证指数调入调出名单.xlsx,Official reserve-list rank 12 mapped below the CSI300 cutoff.,
csi300-2021-11,CN,CSI300,600674,川投能源,2021-11-26,2021-12-10,299.87,300.0,0,official_reserve_control,CSIndex official adjustment and reserve attachment,https://oss-ch.csindex.com.cn/notice/20211130195824-中证指数调入调出名单.xlsx,Official reserve-list rank 13 mapped below the CSI300 cutoff.,
csi300-2021-11,CN,CSI300,603737,三棵树,2021-11-26,2021-12-10,299.86,300.0,0,official_reserve_control,CSIndex official adjustment and reserve attachment,https://oss-ch.csindex.com.cn/notice/20211130195824-中证指数调入调出名单.xlsx,Official reserve-list rank 14 mapped below the CSI300 cutoff.,
csi300-2021-11,CN,CSI300,600023,浙能电力,2021-11-26,2021-12-10,299.85,300.0,0,official_reserve_control,CSIndex official adjustment and reserve attachment,https://oss-ch.csindex.com.cn/notice/20211130195824-中证指数调入调出名单.xlsx,Official reserve-list rank 15 mapped below the CSI300 cutoff.,
csi300-2022-05,CN,CSI300,000408,藏格矿业,2022-05-27,2022-06-10,300.28,300.0,1,official_adjustment_addition,CSIndex official adjustment and reserve attachment,https://oss-ch.csindex.com.cn/notice%2F20220527185038-%E6%8C%87%E6%95%B0%E6%A0%B7%E6%9C%AC%E8%B0%83%E6%95%B4%E5%90%8D%E5%8D%95.xlsx,Official adjustment-list order mapped to a boundary ordinal running variable.,
csi300-2022-05,CN,CSI300,000792,盐湖股份,2022-05-27,2022-06-10,300.27,300.0,1,official_adjustment_addition,CSIndex official adjustment and reserve attachment,https://oss-ch.csindex.com.cn/notice%2F20220527185038-%E6%8C%87%E6%95%B0%E6%A0%B7%E6%9C%AC%E8%B0%83%E6%95%B4%E5%90%8D%E5%8D%95.xlsx,Official adjustment-list order mapped to a boundary ordinal running variable.,
csi300-2022-05,CN,CSI300,000877,天山股份,2022-05-27,2022-06-10,300.26,300.0,1,official_adjustment_addition,CSIndex official adjustment and reserve attachment,https://oss-ch.csindex.com.cn/notice%2F20220527185038-%E6%8C%87%E6%95%B0%E6%A0%B7%E6%9C%AC%E8%B0%83%E6%95%B4%E5%90%8D%E5%8D%95.xlsx,Official adjustment-list order mapped to a boundary ordinal running variable.,
csi300-2022-05,CN,CSI300,001289,龙源电力,2022-05-27,2022-06-10,300.25,300.0,1,official_adjustment_addition,CSIndex official adjustment and reserve attachment,https://oss-ch.csindex.com.cn/notice%2F20220527185038-%E6%8C%87%E6%95%B0%E6%A0%B7%E6%9C%AC%E8%B0%83%E6%95%B4%E5%90%8D%E5%8D%95.xlsx,Official adjustment-list order mapped to a boundary ordinal running variable.,
csi300-2022-05,CN,CSI300,002074,国轩高科,2022-05-27,2022-06-10,300.24,300.0,1,official_adjustment_addition,CSIndex official adjustment and reserve attachment,https://oss-ch.csindex.com.cn/notice%2F20220527185038-%E6%8C%87%E6%95%B0%E6%A0%B7%E6%9C%AC%E8%B0%83%E6%95%B4%E5%90%8D%E5%8D%95.xlsx,Official adjustment-list order mapped to a boundary ordinal running variable.,
csi300-2022-05,CN,CSI300,002648,卫星化学,2022-05-27,2022-06-10,300.23,300.0,1,official_adjustment_addition,CSIndex official adjustment and reserve attachment,https://oss-ch.csindex.com.cn/notice%2F20220527185038-%E6%8C%87%E6%95%B0%E6%A0%B7%E6%9C%AC%E8%B0%83%E6%95%B4%E5%90%8D%E5%8D%95.xlsx,Official adjustment-list order mapped to a boundary ordinal running variable.,
csi300-2022-05,CN,CSI300,002920,德赛西威,2022-05-27,2022-06-10,300.22,300.0,1,official_adjustment_addition,CSIndex official adjustment and reserve attachment,https://oss-ch.csindex.com.cn/notice%2F20220527185038-%E6%8C%87%E6%95%B0%E6%A0%B7%E6%9C%AC%E8%B0%83%E6%95%B4%E5%90%8D%E5%8D%95.xlsx,Official adjustment-list order mapped to a boundary ordinal running variable.,
csi300-2022-05,CN,CSI300,300207,欣旺达,2022-05-27,2022-06-10,300.21,300.0,1,official_adjustment_addition,CSIndex official adjustment and reserve attachment,https://oss-ch.csindex.com.cn/notice%2F20220527185038-%E6%8C%87%E6%95%B0%E6%A0%B7%E6%9C%AC%E8%B0%83%E6%95%B4%E5%90%8D%E5%8D%95.xlsx,Official adjustment-list order mapped to a boundary ordinal running variable.,
csi300-2022-05,CN,CSI300,300223,北京君正,2022-05-27,2022-06-10,300.2,300.0,1,official_adjustment_addition,CSIndex official adjustment and reserve attachment,https://oss-ch.csindex.com.cn/notice%2F20220527185038-%E6%8C%87%E6%95%B0%E6%A0%B7%E6%9C%AC%E8%B0%83%E6%95%B4%E5%90%8D%E5%8D%95.xlsx,Official adjustment-list order mapped to a boundary ordinal running variable.,
csi300-2022-05,CN,CSI300,300454,深信服,2022-05-27,2022-06-10,300.19,300.0,1,official_adjustment_addition,CSIndex official adjustment and reserve attachment,https://oss-ch.csindex.com.cn/notice%2F20220527185038-%E6%8C%87%E6%95%B0%E6%A0%B7%E6%9C%AC%E8%B0%83%E6%95%B4%E5%90%8D%E5%8D%95.xlsx,Official adjustment-list order mapped to a boundary ordinal running variable.,
csi300-2022-05,CN,CSI300,300496,中科创达,2022-05-27,2022-06-10,300.18,300.0,1,official_adjustment_addition,CSIndex official adjustment and reserve attachment,https://oss-ch.csindex.com.cn/notice%2F20220527185038-%E6%8C%87%E6%95%B0%E6%A0%B7%E6%9C%AC%E8%B0%83%E6%95%B4%E5%90%8D%E5%8D%95.xlsx,Official adjustment-list order mapped to a boundary ordinal running variable.,
csi300-2022-05,CN,CSI300,300661,圣邦股份,2022-05-27,2022-06-10,300.17,300.0,1,official_adjustment_addition,CSIndex official adjustment and reserve attachment,https://oss-ch.csindex.com.cn/notice%2F20220527185038-%E6%8C%87%E6%95%B0%E6%A0%B7%E6%9C%AC%E8%B0%83%E6%95%B4%E5%90%8D%E5%8D%95.xlsx,Official adjustment-list order mapped to a boundary ordinal running variable.,
csi300-2022-05,CN,CSI300,300751,迈为股份,2022-05-27,2022-06-10,300.16,300.0,1,official_adjustment_addition,CSIndex official adjustment and reserve attachment,https://oss-ch.csindex.com.cn/notice%2F20220527185038-%E6%8C%87%E6%95%B0%E6%A0%B7%E6%9C%AC%E8%B0%83%E6%95%B4%E5%90%8D%E5%8D%95.xlsx,Official adjustment-list order mapped to a boundary ordinal running variable.,
csi300-2022-05,CN,CSI300,300763,锦浪科技,2022-05-27,2022-06-10,300.15,300.0,1,official_adjustment_addition,CSIndex official adjustment and reserve attachment,https://oss-ch.csindex.com.cn/notice%2F20220527185038-%E6%8C%87%E6%95%B0%E6%A0%B7%E6%9C%AC%E8%B0%83%E6%95%B4%E5%90%8D%E5%8D%95.xlsx,Official adjustment-list order mapped to a boundary ordinal running variable.,
csi300-2022-05,CN,CSI300,300919,中伟股份,2022-05-27,2022-06-10,300.14,300.0,1,official_adjustment_addition,CSIndex official adjustment and reserve attachment,https://oss-ch.csindex.com.cn/notice%2F20220527185038-%E6%8C%87%E6%95%B0%E6%A0%B7%E6%9C%AC%E8%B0%83%E6%95%B4%E5%90%8D%E5%8D%95.xlsx,Official adjustment-list order mapped to a boundary ordinal running variable.,
csi300-2022-05,CN,CSI300,300957,贝泰妮,2022-05-27,2022-06-10,300.13,300.0,1,official_adjustment_addition,CSIndex official adjustment and reserve attachment,https://oss-ch.csindex.com.cn/notice%2F20220527185038-%E6%8C%87%E6%95%B0%E6%A0%B7%E6%9C%AC%E8%B0%83%E6%95%B4%E5%90%8D%E5%8D%95.xlsx,Official adjustment-list order mapped to a boundary ordinal running variable.,
csi300-2022-05,CN,CSI300,300979,华利集团,2022-05-27,2022-06-10,300.12,300.0,1,official_adjustment_addition,CSIndex official adjustment and reserve attachment,https://oss-ch.csindex.com.cn/notice%2F20220527185038-%E6%8C%87%E6%95%B0%E6%A0%B7%E6%9C%AC%E8%B0%83%E6%95%B4%E5%90%8D%E5%8D%95.xlsx,Official adjustment-list order mapped to a boundary ordinal running variable.,
csi300-2022-05,CN,CSI300,600089,特变电工,2022-05-27,2022-06-10,300.11,300.0,1,official_adjustment_addition,CSIndex official adjustment and reserve attachment,https://oss-ch.csindex.com.cn/notice%2F20220527185038-%E6%8C%87%E6%95%B0%E6%A0%B7%E6%9C%AC%E8%B0%83%E6%95%B4%E5%90%8D%E5%8D%95.xlsx,Official adjustment-list order mapped to a boundary ordinal running variable.,
csi300-2022-05,CN,CSI300,600188,兖矿能源,2022-05-27,2022-06-10,300.1,300.0,1,official_adjustment_addition,CSIndex official adjustment and reserve attachment,https://oss-ch.csindex.com.cn/notice%2F20220527185038-%E6%8C%87%E6%95%B0%E6%A0%B7%E6%9C%AC%E8%B0%83%E6%95%B4%E5%90%8D%E5%8D%95.xlsx,Official adjustment-list order mapped to a boundary ordinal running variable.,
csi300-2022-05,CN,CSI300,600219,南山铝业,2022-05-27,2022-06-10,300.09,300.0,1,official_adjustment_addition,CSIndex official adjustment and reserve attachment,https://oss-ch.csindex.com.cn/notice%2F20220527185038-%E6%8C%87%E6%95%B0%E6%A0%B7%E6%9C%AC%E8%B0%83%E6%95%B4%E5%90%8D%E5%8D%95.xlsx,Official adjustment-list order mapped to a boundary ordinal running variable.,
csi300-2022-05,CN,CSI300,600460,士兰微,2022-05-27,2022-06-10,300.08,300.0,1,official_adjustment_addition,CSIndex official adjustment and reserve attachment,https://oss-ch.csindex.com.cn/notice%2F20220527185038-%E6%8C%87%E6%95%B0%E6%A0%B7%E6%9C%AC%E8%B0%83%E6%95%B4%E5%90%8D%E5%8D%95.xlsx,Official adjustment-list order mapped to a boundary ordinal running variable.,
csi300-2022-05,CN,CSI300,600941,中国移动,2022-05-27,2022-06-10,300.07,300.0,1,official_adjustment_addition,CSIndex official adjustment and reserve attachment,https://oss-ch.csindex.com.cn/notice%2F20220527185038-%E6%8C%87%E6%95%B0%E6%A0%B7%E6%9C%AC%E8%B0%83%E6%95%B4%E5%90%8D%E5%8D%95.xlsx,Official adjustment-list order mapped to a boundary ordinal running variable.,
csi300-2022-05,CN,CSI300,601117,中国化学,2022-05-27,2022-06-10,300.06,300.0,1,official_adjustment_addition,CSIndex official adjustment and reserve attachment,https://oss-ch.csindex.com.cn/notice%2F20220527185038-%E6%8C%87%E6%95%B0%E6%A0%B7%E6%9C%AC%E8%B0%83%E6%95%B4%E5%90%8D%E5%8D%95.xlsx,Official adjustment-list order mapped to a boundary ordinal running variable.,
csi300-2022-05,CN,CSI300,601825,沪农商行,2022-05-27,2022-06-10,300.05,300.0,1,official_adjustment_addition,CSIndex official adjustment and reserve attachment,https://oss-ch.csindex.com.cn/notice%2F20220527185038-%E6%8C%87%E6%95%B0%E6%A0%B7%E6%9C%AC%E8%B0%83%E6%95%B4%E5%90%8D%E5%8D%95.xlsx,Official adjustment-list order mapped to a boundary ordinal running variable.,
csi300-2022-05,CN,CSI300,603185,上机数控,2022-05-27,2022-06-10,300.04,300.0,1,official_adjustment_addition,CSIndex official adjustment and reserve attachment,https://oss-ch.csindex.com.cn/notice%2F20220527185038-%E6%8C%87%E6%95%B0%E6%A0%B7%E6%9C%AC%E8%B0%83%E6%95%B4%E5%90%8D%E5%8D%95.xlsx,Official adjustment-list order mapped to a boundary ordinal running variable.,
csi300-2022-05,CN,CSI300,603290,斯达半导,2022-05-27,2022-06-10,300.03,300.0,1,official_adjustment_addition,CSIndex official adjustment and reserve attachment,https://oss-ch.csindex.com.cn/notice%2F20220527185038-%E6%8C%87%E6%95%B0%E6%A0%B7%E6%9C%AC%E8%B0%83%E6%95%B4%E5%90%8D%E5%8D%95.xlsx,Official adjustment-list order mapped to a boundary ordinal running variable.,
csi300-2022-05,CN,CSI300,688005,容百科技,2022-05-27,2022-06-10,300.02,300.0,1,official_adjustment_addition,CSIndex official adjustment and reserve attachment,https://oss-ch.csindex.com.cn/notice%2F20220527185038-%E6%8C%87%E6%95%B0%E6%A0%B7%E6%9C%AC%E8%B0%83%E6%95%B4%E5%90%8D%E5%8D%95.xlsx,Official adjustment-list order mapped to a boundary ordinal running variable.,
csi300-2022-05,CN,CSI300,688065,凯赛生物,2022-05-27,2022-06-10,300.01,300.0,1,official_adjustment_addition,CSIndex official adjustment and reserve attachment,https://oss-ch.csindex.com.cn/notice%2F20220527185038-%E6%8C%87%E6%95%B0%E6%A0%B7%E6%9C%AC%E8%B0%83%E6%95%B4%E5%90%8D%E5%8D%95.xlsx,Official adjustment-list order mapped to a boundary ordinal running variable.,
csi300-2022-05,CN,CSI300,600674,川投能源,2022-05-27,2022-06-10,299.99,300.0,0,official_reserve_control,CSIndex official adjustment and reserve attachment,https://oss-ch.csindex.com.cn/notice%2F20220527185038-%E6%8C%87%E6%95%B0%E6%A0%B7%E6%9C%AC%E8%B0%83%E6%95%B4%E5%90%8D%E5%8D%95.xlsx,Official reserve-list rank 1 mapped below the CSI300 cutoff.,
csi300-2022-05,CN,CSI300,600884,杉杉股份,2022-05-27,2022-06-10,299.98,300.0,0,official_reserve_control,CSIndex official adjustment and reserve attachment,https://oss-ch.csindex.com.cn/notice%2F20220527185038-%E6%8C%87%E6%95%B0%E6%A0%B7%E6%9C%AC%E8%B0%83%E6%95%B4%E5%90%8D%E5%8D%95.xlsx,Official reserve-list rank 2 mapped below the CSI300 cutoff.,
csi300-2022-05,CN,CSI300,601233,桐昆股份,2022-05-27,2022-06-10,299.97,300.0,0,official_reserve_control,CSIndex official adjustment and reserve attachment,https://oss-ch.csindex.com.cn/notice%2F20220527185038-%E6%8C%87%E6%95%B0%E6%A0%B7%E6%9C%AC%E8%B0%83%E6%95%B4%E5%90%8D%E5%8D%95.xlsx,Official reserve-list rank 3 mapped below the CSI300 cutoff.,
csi300-2022-05,CN,CSI300,600803,新奥股份,2022-05-27,2022-06-10,299.96,300.0,0,official_reserve_control,CSIndex official adjustment and reserve attachment,https://oss-ch.csindex.com.cn/notice%2F20220527185038-%E6%8C%87%E6%95%B0%E6%A0%B7%E6%9C%AC%E8%B0%83%E6%95%B4%E5%90%8D%E5%8D%95.xlsx,Official reserve-list rank 4 mapped below the CSI300 cutoff.,
csi300-2022-05,CN,CSI300,000723,美锦能源,2022-05-27,2022-06-10,299.95,300.0,0,official_reserve_control,CSIndex official adjustment and reserve attachment,https://oss-ch.csindex.com.cn/notice%2F20220527185038-%E6%8C%87%E6%95%B0%E6%A0%B7%E6%9C%AC%E8%B0%83%E6%95%B4%E5%90%8D%E5%8D%95.xlsx,Official reserve-list rank 5 mapped below the CSI300 cutoff.,
csi300-2022-05,CN,CSI300,688536,思瑞浦,2022-05-27,2022-06-10,299.94,300.0,0,official_reserve_control,CSIndex official adjustment and reserve attachment,https://oss-ch.csindex.com.cn/notice%2F20220527185038-%E6%8C%87%E6%95%B0%E6%A0%B7%E6%9C%AC%E8%B0%83%E6%95%B4%E5%90%8D%E5%8D%95.xlsx,Official reserve-list rank 6 mapped below the CSI300 cutoff.,
csi300-2022-05,CN,CSI300,601689,拓普集团,2022-05-27,2022-06-10,299.93,300.0,0,official_reserve_control,CSIndex official adjustment and reserve attachment,https://oss-ch.csindex.com.cn/notice%2F20220527185038-%E6%8C%87%E6%95%B0%E6%A0%B7%E6%9C%AC%E8%B0%83%E6%95%B4%E5%90%8D%E5%8D%95.xlsx,Official reserve-list rank 7 mapped below the CSI300 cutoff.,
csi300-2022-05,CN,CSI300,603893,瑞芯微,2022-05-27,2022-06-10,299.92,300.0,0,official_reserve_control,CSIndex official adjustment and reserve attachment,https://oss-ch.csindex.com.cn/notice%2F20220527185038-%E6%8C%87%E6%95%B0%E6%A0%B7%E6%9C%AC%E8%B0%83%E6%95%B4%E5%90%8D%E5%8D%95.xlsx,Official reserve-list rank 8 mapped below the CSI300 cutoff.,
csi300-2022-05,CN,CSI300,002340,格林美,2022-05-27,2022-06-10,299.91,300.0,0,official_reserve_control,CSIndex official adjustment and reserve attachment,https://oss-ch.csindex.com.cn/notice%2F20220527185038-%E6%8C%87%E6%95%B0%E6%A0%B7%E6%9C%AC%E8%B0%83%E6%95%B4%E5%90%8D%E5%8D%95.xlsx,Official reserve-list rank 9 mapped below the CSI300 cutoff.,
csi300-2022-05,CN,CSI300,605358,立昂微,2022-05-27,2022-06-10,299.9,300.0,0,official_reserve_control,CSIndex official adjustment and reserve attachment,https://oss-ch.csindex.com.cn/notice%2F20220527185038-%E6%8C%87%E6%95%B0%E6%A0%B7%E6%9C%AC%E8%B0%83%E6%95%B4%E5%90%8D%E5%8D%95.xlsx,Official reserve-list rank 10 mapped below the CSI300 cutoff.,
csi300-2022-05,CN,CSI300,000733,振华科技,2022-05-27,2022-06-10,299.89,300.0,0,official_reserve_control,CSIndex official adjustment and reserve attachment,https://oss-ch.csindex.com.cn/notice%2F20220527185038-%E6%8C%87%E6%95%B0%E6%A0%B7%E6%9C%AC%E8%B0%83%E6%95%B4%E5%90%8D%E5%8D%95.xlsx,Official reserve-list rank 11 mapped below the CSI300 cutoff.,
csi300-2022-05,CN,CSI300,002080,中材科技,2022-05-27,2022-06-10,299.88,300.0,0,official_reserve_control,CSIndex official adjustment and reserve attachment,https://oss-ch.csindex.com.cn/notice%2F20220527185038-%E6%8C%87%E6%95%B0%E6%A0%B7%E6%9C%AC%E8%B0%83%E6%95%B4%E5%90%8D%E5%8D%95.xlsx,Official reserve-list rank 12 mapped below the CSI300 cutoff.,
csi300-2022-05,CN,CSI300,003022,联泓新科,2022-05-27,2022-06-10,299.87,300.0,0,official_reserve_control,CSIndex official adjustment and reserve attachment,https://oss-ch.csindex.com.cn/notice%2F20220527185038-%E6%8C%87%E6%95%B0%E6%A0%B7%E6%9C%AC%E8%B0%83%E6%95%B4%E5%90%8D%E5%8D%95.xlsx,Official reserve-list rank 13 mapped below the CSI300 cutoff.,
csi300-2022-05,CN,CSI300,002013,中航机电,2022-05-27,2022-06-10,299.86,300.0,0,official_reserve_control,CSIndex official adjustment and reserve attachment,https://oss-ch.csindex.com.cn/notice%2F20220527185038-%E6%8C%87%E6%95%B0%E6%A0%B7%E6%9C%AC%E8%B0%83%E6%95%B4%E5%90%8D%E5%8D%95.xlsx,Official reserve-list rank 14 mapped below the CSI300 cutoff.,
csi300-2022-05,CN,CSI300,600754,锦江酒店,2022-05-27,2022-06-10,299.85,300.0,0,official_reserve_control,CSIndex official adjustment and reserve attachment,https://oss-ch.csindex.com.cn/notice%2F20220527185038-%E6%8C%87%E6%95%B0%E6%A0%B7%E6%9C%AC%E8%B0%83%E6%95%B4%E5%90%8D%E5%8D%95.xlsx,Official reserve-list rank 15 mapped below the CSI300 cutoff.,
csi300-2022-11,CN,CSI300,000723,美锦能源,2022-11-25,2022-12-09,300.15,300.0,1,official_adjustment_addition,CSIndex official adjustment and reserve attachment,https://oss-ch.csindex.com.cn/notice%2F20221207152016-%E6%8C%87%E6%95%B0%E6%A0%B7%E6%9C%AC%E8%B0%83%E6%95%B4%E5%90%8D%E5%8D%95.xlsx,Official adjustment-list order mapped to a boundary ordinal running variable.,
csi300-2022-11,CN,CSI300,000733,振华科技,2022-11-25,2022-12-09,300.14,300.0,1,official_adjustment_addition,CSIndex official adjustment and reserve attachment,https://oss-ch.csindex.com.cn/notice%2F20221207152016-%E6%8C%87%E6%95%B0%E6%A0%B7%E6%9C%AC%E8%B0%83%E6%95%B4%E5%90%8D%E5%8D%95.xlsx,Official adjustment-list order mapped to a boundary ordinal running variable.,
csi300-2022-11,CN,CSI300,002180,纳思达,2022-11-25,2022-12-09,300.13,300.0,1,official_adjustment_addition,CSIndex official adjustment and reserve attachment,https://oss-ch.csindex.com.cn/notice%2F20221207152016-%E6%8C%87%E6%95%B0%E6%A0%B7%E6%9C%AC%E8%B0%83%E6%95%B4%E5%90%8D%E5%8D%95.xlsx,Official adjustment-list order mapped to a boundary ordinal running variable.,
csi300-2022-11,CN,CSI300,002756,永兴材料,2022-11-25,2022-12-09,300.12,300.0,1,official_adjustment_addition,CSIndex official adjustment and reserve attachment,https://oss-ch.csindex.com.cn/notice%2F20221207152016-%E6%8C%87%E6%95%B0%E6%A0%B7%E6%9C%AC%E8%B0%83%E6%95%B4%E5%90%8D%E5%8D%95.xlsx,Official adjustment-list order mapped to a boundary ordinal running variable.,
csi300-2022-11,CN,CSI300,300769,德方纳米,2022-11-25,2022-12-09,300.11,300.0,1,official_adjustment_addition,CSIndex official adjustment and reserve attachment,https://oss-ch.csindex.com.cn/notice%2F20221207152016-%E6%8C%87%E6%95%B0%E6%A0%B7%E6%9C%AC%E8%B0%83%E6%95%B4%E5%90%8D%E5%8D%95.xlsx,Official adjustment-list order mapped to a boundary ordinal running variable.,
csi300-2022-11,CN,CSI300,600039,四川路桥,2022-11-25,2022-12-09,300.1,300.0,1,official_adjustment_addition,CSIndex official adjustment and reserve attachment,https://oss-ch.csindex.com.cn/notice%2F20221207152016-%E6%8C%87%E6%95%B0%E6%A0%B7%E6%9C%AC%E8%B0%83%E6%95%B4%E5%90%8D%E5%8D%95.xlsx,Official adjustment-list order mapped to a boundary ordinal running variable.,
csi300-2022-11,CN,CSI300,600233,圆通速递,2022-11-25,2022-12-09,300.09,300.0,1,official_adjustment_addition,CSIndex official adjustment and reserve attachment,https://oss-ch.csindex.com.cn/notice%2F20221207152016-%E6%8C%87%E6%95%B0%E6%A0%B7%E6%9C%AC%E8%B0%83%E6%95%B4%E5%90%8D%E5%8D%95.xlsx,Official adjustment-list order mapped to a boundary ordinal running variable.,
csi300-2022-11,CN,CSI300,600674,川投能源,2022-11-25,2022-12-09,300.08,300.0,1,official_adjustment_addition,CSIndex official adjustment and reserve attachment,https://oss-ch.csindex.com.cn/notice%2F20221207152016-%E6%8C%87%E6%95%B0%E6%A0%B7%E6%9C%AC%E8%B0%83%E6%95%B4%E5%90%8D%E5%8D%95.xlsx,Official adjustment-list order mapped to a boundary ordinal running variable.,
csi300-2022-11,CN,CSI300,600803,新奥股份,2022-11-25,2022-12-09,300.07,300.0,1,official_adjustment_addition,CSIndex official adjustment and reserve attachment,https://oss-ch.csindex.com.cn/notice%2F20221207152016-%E6%8C%87%E6%95%B0%E6%A0%B7%E6%9C%AC%E8%B0%83%E6%95%B4%E5%90%8D%E5%8D%95.xlsx,Official adjustment-list order mapped to a boundary ordinal running variable.,
csi300-2022-11,CN,CSI300,600884,杉杉股份,2022-11-25,2022-12-09,300.06,300.0,1,official_adjustment_addition,CSIndex official adjustment and reserve attachment,https://oss-ch.csindex.com.cn/notice%2F20221207152016-%E6%8C%87%E6%95%B0%E6%A0%B7%E6%9C%AC%E8%B0%83%E6%95%B4%E5%90%8D%E5%8D%95.xlsx,Official adjustment-list order mapped to a boundary ordinal running variable.,
csi300-2022-11,CN,CSI300,601615,明阳智能,2022-11-25,2022-12-09,300.05,300.0,1,official_adjustment_addition,CSIndex official adjustment and reserve attachment,https://oss-ch.csindex.com.cn/notice%2F20221207152016-%E6%8C%87%E6%95%B0%E6%A0%B7%E6%9C%AC%E8%B0%83%E6%95%B4%E5%90%8D%E5%8D%95.xlsx,Official adjustment-list order mapped to a boundary ordinal running variable.,
csi300-2022-11,CN,CSI300,601689,拓普集团,2022-11-25,2022-12-09,300.04,300.0,1,official_adjustment_addition,CSIndex official adjustment and reserve attachment,https://oss-ch.csindex.com.cn/notice%2F20221207152016-%E6%8C%87%E6%95%B0%E6%A0%B7%E6%9C%AC%E8%B0%83%E6%95%B4%E5%90%8D%E5%8D%95.xlsx,Official adjustment-list order mapped to a boundary ordinal running variable.,
csi300-2022-11,CN,CSI300,605117,德业股份,2022-11-25,2022-12-09,300.03,300.0,1,official_adjustment_addition,CSIndex official adjustment and reserve attachment,https://oss-ch.csindex.com.cn/notice%2F20221207152016-%E6%8C%87%E6%95%B0%E6%A0%B7%E6%9C%AC%E8%B0%83%E6%95%B4%E5%90%8D%E5%8D%95.xlsx,Official adjustment-list order mapped to a boundary ordinal running variable.,
csi300-2022-11,CN,CSI300,688187,时代电气,2022-11-25,2022-12-09,300.02,300.0,1,official_adjustment_addition,CSIndex official adjustment and reserve attachment,https://oss-ch.csindex.com.cn/notice%2F20221207152016-%E6%8C%87%E6%95%B0%E6%A0%B7%E6%9C%AC%E8%B0%83%E6%95%B4%E5%90%8D%E5%8D%95.xlsx,Official adjustment-list order mapped to a boundary ordinal running variable.,
csi300-2022-11,CN,CSI300,688303,大全能源,2022-11-25,2022-12-09,300.01,300.0,1,official_adjustment_addition,CSIndex official adjustment and reserve attachment,https://oss-ch.csindex.com.cn/notice%2F20221207152016-%E6%8C%87%E6%95%B0%E6%A0%B7%E6%9C%AC%E8%B0%83%E6%95%B4%E5%90%8D%E5%8D%95.xlsx,Official adjustment-list order mapped to a boundary ordinal running variable.,
csi300-2022-11,CN,CSI300,002013,中航机电,2022-11-25,2022-12-09,299.99,300.0,0,official_reserve_control,CSIndex official adjustment and reserve attachment,https://oss-ch.csindex.com.cn/notice%2F20221207152016-%E6%8C%87%E6%95%B0%E6%A0%B7%E6%9C%AC%E8%B0%83%E6%95%B4%E5%90%8D%E5%8D%95.xlsx,Official reserve-list rank 1 mapped below the CSI300 cutoff.,
csi300-2022-11,CN,CSI300,600875,东方电气,2022-11-25,2022-12-09,299.98,300.0,0,official_reserve_control,CSIndex official adjustment and reserve attachment,https://oss-ch.csindex.com.cn/notice%2F20221207152016-%E6%8C%87%E6%95%B0%E6%A0%B7%E6%9C%AC%E8%B0%83%E6%95%B4%E5%90%8D%E5%8D%95.xlsx,Official reserve-list rank 2 mapped below the CSI300 cutoff.,
csi300-2022-11,CN,CSI300,600023,浙能电力,2022-11-25,2022-12-09,299.97,300.0,0,official_reserve_control,CSIndex official adjustment and reserve attachment,https://oss-ch.csindex.com.cn/notice%2F20221207152016-%E6%8C%87%E6%95%B0%E6%A0%B7%E6%9C%AC%E8%B0%83%E6%95%B4%E5%90%8D%E5%8D%95.xlsx,Official reserve-list rank 3 mapped below the CSI300 cutoff.,
csi300-2022-11,CN,CSI300,600732,爱旭股份,2022-11-25,2022-12-09,299.96,300.0,0,official_reserve_control,CSIndex official adjustment and reserve attachment,https://oss-ch.csindex.com.cn/notice%2F20221207152016-%E6%8C%87%E6%95%B0%E6%A0%B7%E6%9C%AC%E8%B0%83%E6%95%B4%E5%90%8D%E5%8D%95.xlsx,Official reserve-list rank 4 mapped below the CSI300 cutoff.,
csi300-2022-11,CN,CSI300,600938,中国海油,2022-11-25,2022-12-09,299.95,300.0,0,official_reserve_control,CSIndex official adjustment and reserve attachment,https://oss-ch.csindex.com.cn/notice%2F20221207152016-%E6%8C%87%E6%95%B0%E6%A0%B7%E6%9C%AC%E8%B0%83%E6%95%B4%E5%90%8D%E5%8D%95.xlsx,Official reserve-list rank 5 mapped below the CSI300 cutoff.,
csi300-2022-11,CN,CSI300,003022,联泓新科,2022-11-25,2022-12-09,299.94,300.0,0,official_reserve_control,CSIndex official adjustment and reserve attachment,https://oss-ch.csindex.com.cn/notice%2F20221207152016-%E6%8C%87%E6%95%B0%E6%A0%B7%E6%9C%AC%E8%B0%83%E6%95%B4%E5%90%8D%E5%8D%95.xlsx,Official reserve-list rank 6 mapped below the CSI300 cutoff.,
csi300-2022-11,CN,CSI300,000983,山西焦煤,2022-11-25,2022-12-09,299.93,300.0,0,official_reserve_control,CSIndex official adjustment and reserve attachment,https://oss-ch.csindex.com.cn/notice%2F20221207152016-%E6%8C%87%E6%95%B0%E6%A0%B7%E6%9C%AC%E8%B0%83%E6%95%B4%E5%90%8D%E5%8D%95.xlsx,Official reserve-list rank 7 mapped below the CSI300 cutoff.,
csi300-2022-11,CN,CSI300,688180,君实生物-U,2022-11-25,2022-12-09,299.92,300.0,0,official_reserve_control,CSIndex official adjustment and reserve attachment,https://oss-ch.csindex.com.cn/notice%2F20221207152016-%E6%8C%87%E6%95%B0%E6%A0%B7%E6%9C%AC%E8%B0%83%E6%95%B4%E5%90%8D%E5%8D%95.xlsx,Official reserve-list rank 8 mapped below the CSI300 cutoff.,
csi300-2022-11,CN,CSI300,688536,思瑞浦,2022-11-25,2022-12-09,299.91,300.0,0,official_reserve_control,CSIndex official adjustment and reserve attachment,https://oss-ch.csindex.com.cn/notice%2F20221207152016-%E6%8C%87%E6%95%B0%E6%A0%B7%E6%9C%AC%E8%B0%83%E6%95%B4%E5%90%8D%E5%8D%95.xlsx,Official reserve-list rank 9 mapped below the CSI300 cutoff.,
csi300-2022-11,CN,CSI300,002240,盛新锂能,2022-11-25,2022-12-09,299.9,300.0,0,official_reserve_control,CSIndex official adjustment and reserve attachment,https://oss-ch.csindex.com.cn/notice%2F20221207152016-%E6%8C%87%E6%95%B0%E6%A0%B7%E6%9C%AC%E8%B0%83%E6%95%B4%E5%90%8D%E5%8D%95.xlsx,Official reserve-list rank 10 mapped below the CSI300 cutoff.,
csi300-2022-11,CN,CSI300,600096,云天化,2022-11-25,2022-12-09,299.89,300.0,0,official_reserve_control,CSIndex official adjustment and reserve attachment,https://oss-ch.csindex.com.cn/notice%2F20221207152016-%E6%8C%87%E6%95%B0%E6%A0%B7%E6%9C%AC%E8%B0%83%E6%95%B4%E5%90%8D%E5%8D%95.xlsx,Official reserve-list rank 11 mapped below the CSI300 cutoff.,
csi300-2022-11,CN,CSI300,600765,中航重机,2022-11-25,2022-12-09,299.88,300.0,0,official_reserve_control,CSIndex official adjustment and reserve attachment,https://oss-ch.csindex.com.cn/notice%2F20221207152016-%E6%8C%87%E6%95%B0%E6%A0%B7%E6%9C%AC%E8%B0%83%E6%95%B4%E5%90%8D%E5%8D%95.xlsx,Official reserve-list rank 12 mapped below the CSI300 cutoff.,
csi300-2022-11,CN,CSI300,002080,中材科技,2022-11-25,2022-12-09,299.87,300.0,0,official_reserve_control,CSIndex official adjustment and reserve attachment,https://oss-ch.csindex.com.cn/notice%2F20221207152016-%E6%8C%87%E6%95%B0%E6%A0%B7%E6%9C%AC%E8%B0%83%E6%95%B4%E5%90%8D%E5%8D%95.xlsx,Official reserve-list rank 13 mapped below the CSI300 cutoff.,
csi300-2022-11,CN,CSI300,300390,天华超净,2022-11-25,2022-12-09,299.86,300.0,0,official_reserve_control,CSIndex official adjustment and reserve attachment,https://oss-ch.csindex.com.cn/notice%2F20221207152016-%E6%8C%87%E6%95%B0%E6%A0%B7%E6%9C%AC%E8%B0%83%E6%95%B4%E5%90%8D%E5%8D%95.xlsx,Official reserve-list rank 14 mapped below the CSI300 cutoff.,
csi300-2022-11,CN,CSI300,605358,立昂微,2022-11-25,2022-12-09,299.85,300.0,0,official_reserve_control,CSIndex official adjustment and reserve attachment,https://oss-ch.csindex.com.cn/notice%2F20221207152016-%E6%8C%87%E6%95%B0%E6%A0%B7%E6%9C%AC%E8%B0%83%E6%95%B4%E5%90%8D%E5%8D%95.xlsx,Official reserve-list rank 15 mapped below the CSI300 cutoff.,
