event_id,status,selected_controls,sector_relaxed,sector_filter_mode
CN-csi300-000066-20200601-20200615-add-01,matched,3,True,penalized
CN-csi300-000069-20240531-20240614-del-01,matched,3,True,penalized
CN-csi300-000301-20211126-20211210-add-01,matched,3,True,penalized
CN-csi300-000408-20220527-20220610-add-01,matched,3,True,penalized
CN-csi300-000413-20200601-20200615-del-01,skipped_no_valid_match,0,True,penalized
CN-csi300-000415-20200601-20200615-del-01,matched,3,True,penalized
CN-csi300-000423-20200601-20200615-del-01,matched,3,True,penalized
CN-csi300-000629-20200601-20200615-del-01,matched,3,True,penalized
CN-csi300-000630-20200601-20200615-del-01,matched,3,True,penalized
CN-csi300-000630-20241129-20241213-add-02,matched,3,True,penalized
CN-csi300-000656-20211126-20211210-del-01,matched,3,True,penalized
CN-csi300-000708-20200601-20200615-add-01,matched,3,True,penalized
CN-csi300-000723-20231124-20231208-del-01,matched,3,True,penalized
CN-csi300-000728-20211126-20211210-del-01,matched,3,True,penalized
CN-csi300-000733-20241129-20241213-del-01,skipped_missing_target_snapshot,0,,
CN-csi300-000783-20220527-20220610-del-01,matched,3,True,penalized
CN-csi300-000792-20220527-20220610-add-01,matched,3,True,penalized
CN-csi300-000800-20251128-20251212-del-01,skipped_missing_target_snapshot,0,,
CN-csi300-000807-20240531-20240614-add-01,matched,3,True,penalized
CN-csi300-000860-20200601-20200615-add-01,matched,3,True,penalized
CN-csi300-000860-20211126-20211210-del-02,matched,3,True,penalized
CN-csi300-000877-20220527-20220610-add-01,matched,3,True,penalized
CN-csi300-000877-20240531-20240614-del-02,matched,3,True,penalized
CN-csi300-000898-20200601-20200615-del-01,matched,3,True,penalized
CN-csi300-000975-20241129-20241213-add-01,matched,3,True,penalized
CN-csi300-000977-20200601-20200615-add-01,matched,3,True,penalized
CN-csi300-000999-20231124-20231208-add-01,matched,3,True,penalized
CN-csi300-001289-20220527-20220610-add-01,matched,3,True,penalized
CN-csi300-001289-20251128-20251212-del-02,matched,3,True,penalized
CN-csi300-001391-20250530-20250613-add-01,matched,3,True,penalized
CN-csi300-001965-20240531-20240614-add-01,matched,3,True,penalized
CN-csi300-002007-20250530-20250613-del-01,matched,3,True,penalized
CN-csi300-002010-20200601-20200615-del-01,matched,3,True,penalized
CN-csi300-002024-20220527-20220610-del-01,matched,3,True,penalized
CN-csi300-002028-20241129-20241213-add-01,matched,3,True,penalized
CN-csi300-002044-20220527-20220610-del-01,matched,3,True,penalized
CN-csi300-002064-20211126-20211210-add-01,matched,3,True,penalized
CN-csi300-002064-20231124-20231208-del-02,matched,3,True,penalized
CN-csi300-002074-20220527-20220610-add-01,matched,3,True,penalized
CN-csi300-002081-20200601-20200615-del-01,matched,3,True,penalized
CN-csi300-002120-20231124-20231208-del-01,matched,3,True,penalized
CN-csi300-002129-20200601-20200615-add-01,matched,3,True,penalized
CN-csi300-002129-20251128-20251212-del-02,matched,3,True,penalized
CN-csi300-002153-20211126-20211210-del-01,matched,3,True,penalized
CN-csi300-002157-20200601-20200615-add-01,matched,3,True,penalized
CN-csi300-002157-20220527-20220610-del-02,matched,3,True,penalized
CN-csi300-002180-20251128-20251212-del-01,skipped_missing_target_snapshot,0,,
CN-csi300-002202-20240531-20240614-del-01,matched,3,True,penalized
CN-csi300-002271-20250530-20250613-del-01,matched,3,True,penalized
CN-csi300-002294-20200601-20200615-del-01,matched,3,True,penalized
CN-csi300-002371-20200601-20200615-add-01,matched,3,True,penalized
CN-csi300-002384-20211126-20211210-del-01,matched,3,True,penalized
CN-csi300-002384-20251128-20251212-add-02,matched,3,True,penalized
CN-csi300-002410-20241129-20241213-del-01,skipped_missing_target_snapshot,0,,
CN-csi300-002411-20200601-20200615-del-01,skipped_no_valid_match,0,True,penalized
CN-csi300-002414-20231124-20231208-del-01,matched,3,True,penalized
CN-csi300-002422-20241129-20241213-add-01,skipped_missing_target_snapshot,0,,
CN-csi300-002456-20211126-20211210-del-01,matched,3,True,penalized
CN-csi300-002459-20211126-20211210-add-01,matched,3,True,penalized
CN-csi300-002463-20200601-20200615-add-01,matched,3,True,penalized
CN-csi300-002463-20211126-20211210-del-02,matched,3,True,penalized
CN-csi300-002463-20241129-20241213-add-03,matched,3,True,penalized
CN-csi300-002466-20211126-20211210-add-01,matched,3,True,penalized
CN-csi300-002508-20211126-20211210-del-01,matched,3,True,penalized
CN-csi300-002555-20250530-20250613-del-01,matched,3,True,penalized
CN-csi300-002558-20211126-20211210-del-01,matched,3,True,penalized
CN-csi300-002568-20211126-20211210-add-01,matched,3,True,penalized
CN-csi300-002600-20250530-20250613-add-01,matched,3,True,penalized
CN-csi300-002603-20231124-20231208-add-01,matched,3,True,penalized
CN-csi300-002603-20241129-20241213-del-02,matched,3,True,penalized
CN-csi300-002624-20220527-20220610-del-01,matched,3,True,penalized
CN-csi300-002625-20251128-20251212-add-01,skipped_missing_target_snapshot,0,,
CN-csi300-002648-20220527-20220610-add-01,matched,3,True,penalized
CN-csi300-002673-20211126-20211210-del-01,matched,3,True,penalized
CN-csi300-002709-20211126-20211210-add-01,matched,3,True,penalized
CN-csi300-002739-20211126-20211210-del-01,matched,3,True,penalized
CN-csi300-002756-20231124-20231208-del-01,matched,3,True,penalized
CN-csi300-002773-20211126-20211210-del-01,matched,3,True,penalized
CN-csi300-002791-20211126-20211210-add-01,matched,3,True,penalized
CN-csi300-002812-20250530-20250613-del-01,matched,3,True,penalized
CN-csi300-002821-20241129-20241213-del-01,skipped_missing_target_snapshot,0,,
CN-csi300-002841-20241129-20241213-del-01,skipped_missing_target_snapshot,0,,
CN-csi300-002920-20220527-20220610-add-01,matched,3,True,penalized
CN-csi300-002939-20211126-20211210-del-01,matched,3,True,penalized
CN-csi300-002945-20211126-20211210-del-01,matched,3,True,penalized
CN-csi300-003816-20200601-20200615-add-01,matched,3,True,penalized
CN-csi300-300014-20200601-20200615-add-01,matched,3,True,penalized
CN-csi300-300017-20200601-20200615-del-01,matched,3,True,penalized
CN-csi300-300024-20200601-20200615-del-01,matched,3,True,penalized
CN-csi300-300070-20200601-20200615-del-01,matched,3,True,penalized
CN-csi300-300136-20211126-20211210-del-01,matched,3,True,penalized
CN-csi300-300142-20241129-20241213-del-01,skipped_missing_target_snapshot,0,,
CN-csi300-300144-20220527-20220610-del-01,matched,3,True,penalized
CN-csi300-300207-20220527-20220610-add-01,matched,3,True,penalized
CN-csi300-300207-20231124-20231208-del-02,matched,3,True,penalized
CN-csi300-300223-20220527-20220610-add-01,matched,3,True,penalized
CN-csi300-300223-20241129-20241213-del-02,matched,3,True,penalized
CN-csi300-300251-20251128-20251212-add-01,skipped_missing_target_snapshot,0,,
CN-csi300-300308-20231124-20231208-add-01,matched,3,True,penalized
CN-csi300-300316-20211126-20211210-add-01,matched,3,True,penalized
CN-csi300-300394-20241129-20241213-add-01,skipped_missing_target_snapshot,0,,
CN-csi300-300418-20240531-20240614-add-01,matched,3,True,penalized
CN-csi300-300442-20240531-20240614-add-01,matched,3,True,penalized
CN-csi300-300450-20250530-20250613-del-01,matched,3,True,penalized
CN-csi300-300454-20220527-20220610-add-01,matched,3,True,penalized
CN-csi300-300454-20241129-20241213-del-02,matched,3,True,penalized
CN-csi300-300476-20251128-20251212-add-01,skipped_missing_target_snapshot,0,,
CN-csi300-300496-20220527-20220610-add-01,matched,3,True,penalized
CN-csi300-300496-20241129-20241213-del-02,matched,3,True,penalized
CN-csi300-300502-20241129-20241213-add-01,skipped_missing_target_snapshot,0,,
CN-csi300-300558-20220527-20220610-del-01,matched,3,True,penalized
CN-csi300-300601-20200601-20200615-add-01,matched,3,True,penalized
CN-csi300-300601-20231124-20231208-del-02,matched,3,True,penalized
CN-csi300-300628-20200601-20200615-add-01,matched,3,True,penalized
CN-csi300-300661-20220527-20220610-add-01,matched,3,True,penalized
CN-csi300-300676-20220527-20220610-del-01,matched,3,True,penalized
CN-csi300-300677-20220527-20220610-del-01,matched,3,True,penalized
CN-csi300-300750-20211126-20211210-add-01,matched,3,True,penalized
CN-csi300-300751-20220527-20220610-add-01,matched,3,True,penalized
CN-csi300-300751-20241129-20241213-del-02,matched,3,True,penalized
CN-csi300-300759-20211126-20211210-add-01,matched,3,True,penalized
CN-csi300-300760-20211126-20211210-add-01,matched,3,True,penalized
CN-csi300-300763-20220527-20220610-add-01,matched,3,True,penalized
CN-csi300-300763-20240531-20240614-del-02,matched,3,True,penalized
CN-csi300-300769-20231124-20231208-del-01,matched,3,True,penalized
CN-csi300-300782-20211126-20211210-add-01,matched,3,True,penalized
CN-csi300-300803-20251128-20251212-add-01,skipped_missing_target_snapshot,0,,
CN-csi300-300832-20240531-20240614-add-01,matched,3,True,penalized
CN-csi300-300866-20211126-20211210-add-01,matched,3,True,penalized
CN-csi300-300866-20251128-20251212-add-02,matched,3,True,penalized
CN-csi300-300888-20211126-20211210-add-01,matched,3,True,penalized
CN-csi300-300888-20220527-20220610-del-02,matched,3,True,penalized
CN-csi300-300896-20211126-20211210-add-01,matched,3,True,penalized
CN-csi300-300919-20220527-20220610-add-01,matched,3,True,penalized
CN-csi300-300919-20241129-20241213-del-02,matched,3,True,penalized
CN-csi300-300957-20220527-20220610-add-01,matched,3,True,penalized
CN-csi300-300957-20241129-20241213-del-02,matched,3,True,penalized
CN-csi300-300979-20220527-20220610-add-01,matched,3,True,penalized
CN-csi300-300999-20211126-20211210-add-01,matched,3,True,penalized
CN-csi300-301236-20250530-20250613-add-01,matched,3,True,penalized
CN-csi300-301269-20231124-20231208-add-01,matched,3,True,penalized
CN-csi300-302132-20250530-20250613-add-01,matched,3,True,penalized
CN-csi300-600023-20200601-20200615-del-01,matched,3,True,penalized
CN-csi300-600023-20231124-20231208-add-02,matched,3,True,penalized
CN-csi300-600026-20240531-20240614-add-01,matched,3,True,penalized
CN-csi300-600027-20240531-20240614-add-01,matched,3,True,penalized
CN-csi300-600066-20241129-20241213-add-01,skipped_missing_target_snapshot,0,,
CN-csi300-600079-20220527-20220610-del-01,matched,3,True,penalized
CN-csi300-600089-20220527-20220610-add-01,matched,3,True,penalized
CN-csi300-600100-20200601-20200615-del-01,matched,3,True,penalized
CN-csi300-600109-20220527-20220610-del-01,matched,3,True,penalized
CN-csi300-600118-20211126-20211210-del-01,matched,3,True,penalized
CN-csi300-600132-20241129-20241213-del-01,skipped_missing_target_snapshot,0,,
CN-csi300-600143-20220527-20220610-del-01,matched,3,True,penalized
CN-csi300-600153-20200601-20200615-del-01,matched,3,True,penalized
CN-csi300-600160-20241129-20241213-add-01,skipped_missing_target_snapshot,0,,
CN-csi300-600161-20240531-20240614-add-01,matched,3,True,penalized
CN-csi300-600188-20220527-20220610-add-01,matched,3,True,penalized
CN-csi300-600219-20220527-20220610-add-01,matched,3,True,penalized
CN-csi300-600233-20211126-20211210-del-01,matched,3,True,penalized
CN-csi300-600299-20211126-20211210-del-01,matched,3,True,penalized
CN-csi300-600332-20251128-20251212-del-01,skipped_missing_target_snapshot,0,,
CN-csi300-600340-20211126-20211210-del-01,matched,3,True,penalized
CN-csi300-600372-20231124-20231208-add-01,matched,3,True,penalized
CN-csi300-600377-20241129-20241213-add-01,skipped_missing_target_snapshot,0,,
CN-csi300-600383-20231124-20231208-del-01,matched,3,True,penalized
CN-csi300-600415-20240531-20240614-add-01,matched,3,True,penalized
CN-csi300-600460-20220527-20220610-add-01,matched,3,True,penalized
CN-csi300-600482-20211126-20211210-del-01,matched,3,True,penalized
CN-csi300-600482-20241129-20241213-add-02,matched,3,True,penalized
CN-csi300-600489-20231124-20231208-add-01,matched,3,True,penalized
CN-csi300-600515-20231124-20231208-add-01,matched,3,True,penalized
CN-csi300-600521-20211126-20211210-del-01,matched,3,True,penalized
CN-csi300-600522-20211126-20211210-del-01,matched,3,True,penalized
CN-csi300-600522-20251128-20251212-add-02,matched,3,True,penalized
CN-csi300-600535-20200601-20200615-del-01,matched,3,True,penalized
CN-csi300-600566-20200601-20200615-del-01,matched,3,True,penalized
CN-csi300-600606-20240531-20240614-del-01,matched,3,True,penalized
CN-csi300-600663-20200601-20200615-del-01,matched,3,True,penalized
CN-csi300-600703-20211126-20211210-del-01,matched,3,True,penalized
CN-csi300-600705-20211126-20211210-del-01,skipped_no_valid_match,0,True,penalized
CN-csi300-600732-20241129-20241213-del-01,skipped_missing_target_snapshot,0,,
CN-csi300-600733-20200601-20200615-del-01,matched,3,True,penalized
CN-csi300-600745-20200601-20200615-add-01,matched,3,True,penalized
CN-csi300-600745-20250530-20250613-del-02,matched,3,True,penalized
CN-csi300-600754-20240531-20240614-del-01,matched,3,True,penalized
CN-csi300-600763-20231124-20231208-del-01,matched,3,True,penalized
CN-csi300-600816-20200601-20200615-del-01,matched,3,True,penalized
CN-csi300-600848-20220527-20220610-del-01,matched,3,True,penalized
CN-csi300-600872-20220527-20220610-del-01,matched,3,True,penalized
CN-csi300-600884-20231124-20231208-del-01,matched,3,True,penalized
CN-csi300-600905-20211126-20211210-add-01,matched,3,True,penalized
CN-csi300-600930-20251128-20251212-add-01,skipped_missing_target_snapshot,0,,
CN-csi300-600938-20231124-20231208-add-01,matched,3,True,penalized
CN-csi300-600941-20220527-20220610-add-01,matched,3,True,penalized
CN-csi300-601018-20251128-20251212-add-01,skipped_missing_target_snapshot,0,,
CN-csi300-601059-20231124-20231208-add-01,matched,3,True,penalized
CN-csi300-601077-20200601-20200615-add-01,matched,3,True,penalized
CN-csi300-601077-20211126-20211210-del-02,matched,3,True,penalized
CN-csi300-601077-20250530-20250613-add-03,matched,3,True,penalized
CN-csi300-601100-20200601-20200615-add-01,matched,3,True,penalized
CN-csi300-601108-20220527-20220610-del-01,matched,3,True,penalized
CN-csi300-601117-20220527-20220610-add-01,matched,3,True,penalized
CN-csi300-601127-20241129-20241213-add-01,skipped_missing_target_snapshot,0,,
CN-csi300-601136-20241129-20241213-add-01,skipped_missing_target_snapshot,0,,
CN-csi300-601155-20240531-20240614-del-01,skipped_no_valid_match,0,True,penalized
CN-csi300-601162-20220527-20220610-del-01,matched,3,True,penalized
CN-csi300-601216-20231124-20231208-del-01,matched,3,True,penalized
CN-csi300-601231-20200601-20200615-add-01,matched,3,True,penalized
CN-csi300-601231-20220527-20220610-del-02,matched,3,True,penalized
CN-csi300-601456-20251128-20251212-add-01,skipped_missing_target_snapshot,0,,
CN-csi300-601555-20211126-20211210-del-01,matched,3,True,penalized
CN-csi300-601607-20220527-20220610-del-01,matched,3,True,penalized
CN-csi300-601615-20240531-20240614-del-01,matched,3,True,penalized
CN-csi300-601658-20200601-20200615-add-01,matched,3,True,penalized
CN-csi300-601696-20220527-20220610-del-01,matched,3,True,penalized
CN-csi300-601699-20251128-20251212-del-01,skipped_missing_target_snapshot,0,,
CN-csi300-601727-20211126-20211210-del-01,matched,3,True,penalized
CN-csi300-601728-20211126-20211210-add-01,matched,3,True,penalized
CN-csi300-601799-20251128-20251212-del-01,skipped_missing_target_snapshot,0,,
CN-csi300-601816-20200601-20200615-add-01,matched,3,True,penalized
CN-csi300-601825-20220527-20220610-add-01,matched,3,True,penalized
CN-csi300-601825-20250530-20250613-add-02,matched,3,True,penalized
CN-csi300-601865-20211126-20211210-add-01,matched,3,True,penalized
CN-csi300-601865-20251128-20251212-del-02,matched,3,True,penalized
CN-csi300-601868-20211126-20211210-add-01,matched,3,True,penalized
CN-csi300-601872-20211126-20211210-del-01,matched,3,True,penalized
CN-csi300-601898-20211126-20211210-add-01,matched,3,True,penalized
CN-csi300-601916-20200601-20200615-add-01,matched,3,True,penalized
CN-csi300-601916-20231124-20231208-add-02,matched,3,True,penalized
CN-csi300-601933-20220527-20220610-del-01,matched,3,True,penalized
CN-csi300-601966-20211126-20211210-add-01,matched,3,True,penalized
CN-csi300-601990-20220527-20220610-del-01,matched,3,True,penalized
CN-csi300-603185-20220527-20220610-add-01,matched,3,True,penalized
CN-csi300-603185-20231124-20231208-del-02,matched,3,True,penalized
CN-csi300-603233-20220527-20220610-del-01,matched,3,True,penalized
CN-csi300-603260-20211126-20211210-add-01,matched,3,True,penalized
CN-csi300-603290-20220527-20220610-add-01,matched,3,True,penalized
CN-csi300-603290-20240531-20240614-del-02,matched,3,True,penalized
CN-csi300-603296-20240531-20240614-add-01,matched,3,True,penalized
CN-csi300-603338-20220527-20220610-del-01,matched,3,True,penalized
CN-csi300-603369-20200601-20200615-add-01,matched,3,True,penalized
CN-csi300-603486-20211126-20211210-add-01,matched,3,True,penalized
CN-csi300-603486-20240531-20240614-del-02,matched,3,True,penalized
CN-csi300-603517-20220527-20220610-del-01,matched,3,True,penalized
CN-csi300-603658-20200601-20200615-add-01,matched,3,True,penalized
CN-csi300-603658-20220527-20220610-del-02,matched,3,True,penalized
CN-csi300-603659-20250530-20250613-del-01,matched,3,True,penalized
CN-csi300-603806-20251128-20251212-del-01,skipped_missing_target_snapshot,0,,
CN-csi300-603833-20251128-20251212-del-01,skipped_missing_target_snapshot,0,,
CN-csi300-603893-20251128-20251212-add-01,skipped_missing_target_snapshot,0,,
CN-csi300-603899-20241129-20241213-del-01,skipped_missing_target_snapshot,0,,
CN-csi300-603939-20220527-20220610-del-01,matched,3,True,penalized
CN-csi300-605499-20211126-20211210-add-01,matched,3,True,penalized
CN-csi300-688005-20220527-20220610-add-01,matched,3,True,penalized
CN-csi300-688005-20231124-20231208-del-02,matched,3,True,penalized
CN-csi300-688009-20220527-20220610-del-01,matched,3,True,penalized
CN-csi300-688009-20240531-20240614-add-02,matched,3,True,penalized
CN-csi300-688041-20231124-20231208-add-01,skipped_no_valid_match,0,True,penalized
CN-csi300-688047-20250530-20250613-add-01,matched,3,True,penalized
CN-csi300-688065-20220527-20220610-add-01,matched,3,True,penalized
CN-csi300-688065-20240531-20240614-del-02,matched,3,True,penalized
CN-csi300-688082-20240531-20240614-add-01,matched,3,True,penalized
CN-csi300-688169-20241129-20241213-add-01,skipped_missing_target_snapshot,0,,
CN-csi300-688256-20231124-20231208-add-01,matched,3,True,penalized
CN-csi300-688271-20231124-20231208-add-01,matched,3,True,penalized
CN-csi300-688363-20241129-20241213-del-01,skipped_missing_target_snapshot,0,,
CN-csi300-688472-20241129-20241213-add-01,skipped_missing_target_snapshot,0,,
CN-csi300-688506-20241129-20241213-add-01,skipped_missing_target_snapshot,0,,
CN-csi300-688561-20211126-20211210-add-01,matched,3,True,penalized
CN-csi300-688561-20240531-20240614-del-02,matched,3,True,penalized
CN-csi300-688599-20211126-20211210-add-01,matched,3,True,penalized
CN-csi300-688599-20251128-20251212-del-02,matched,3,True,penalized
CN-csi300-688981-20211126-20211210-add-01,matched,3,True,penalized
US-s-p500-aa-20161101-20161101-del-01,matched,3,True,penalized
US-s-p500-aal-20150316-20150323-add-01,skipped_no_valid_match,0,True,penalized
US-s-p500-aal-20240906-20240923-del-02,skipped_no_valid_match,0,True,penalized
US-s-p500-aap-20150706-20150708-add-01,matched,3,True,penalized
US-s-p500-aap-20230821-20230825-del-02,matched,3,True,penalized
US-s-p500-abbv-20121220-20130102-add-01,skipped_no_valid_match,0,True,penalized
US-s-p500-abmd-20180525-20180531-add-01,skipped_no_valid_match,0,True,penalized
US-s-p500-abmd-20221219-20221222-del-02,skipped_no_valid_match,0,True,penalized
US-s-p500-abnb-20230914-20230918-add-01,matched,3,True,penalized
US-s-p500-ace-20160115-20160119-del-01,skipped_no_valid_match,0,True,penalized
US-s-p500-acgl-20221027-20221101-add-01,matched,3,True,penalized
US-s-p500-acn-20110627-20110705-add-01,matched,3,True,penalized
US-s-p500-ads-20131211-20131223-add-01,skipped_no_valid_match,0,True,penalized
US-s-p500-ads-20200612-20200622-del-02,skipped_no_valid_match,0,True,penalized
US-s-p500-adt-20121001-20121001-add-01,skipped_no_valid_match,0,True,penalized
US-s-p500-adt-20160426-20160503-del-02,skipped_no_valid_match,0,True,penalized
US-s-p500-aet-20181126-20181203-del-01,skipped_no_valid_match,0,True,penalized
US-s-p500-agn-20150316-20150323-del-01,skipped_no_valid_match,0,True,penalized
US-s-p500-agn-20200506-20200512-del-02,skipped_no_valid_match,0,True,penalized
US-s-p500-aiv-20201211-20201221-del-01,matched,3,True,penalized
US-s-p500-ajg-20160524-20160531-add-01,matched,3,True,penalized
US-s-p500-aks-20111216-20111216-del-01,skipped_no_valid_match,0,True,penalized
US-s-p500-alb-20160623-20160701-add-01,matched,3,True,penalized
US-s-p500-algn-20170609-20170619-add-01,matched,3,True,penalized
US-s-p500-alk-20160510-20160513-add-01,matched,3,True,penalized
US-s-p500-alk-20231201-20231218-del-02,matched,3,True,penalized
US-s-p500-alle-20131122-20131202-add-01,matched,3,True,penalized
US-s-p500-altr-20151222-20151229-del-01,skipped_no_valid_match,0,True,penalized
US-s-p500-alxn-20120521-20120521-add-01,skipped_no_valid_match,0,True,penalized
US-s-p500-alxn-20210715-20210721-del-02,skipped_no_valid_match,0,True,penalized
US-s-p500-amcr-20190610-20190611-add-01,matched,3,True,penalized
US-s-p500-amd-20130911-20130920-del-01,matched,3,True,penalized
US-s-p500-amd-20170310-20170320-add-02,matched,3,True,penalized
US-s-p500-ame-20130911-20130920-add-01,matched,3,True,penalized
US-s-p500-amg-20140624-20140701-add-01,matched,3,True,penalized
US-s-p500-amg-20191213-20191223-del-02,matched,3,True,penalized
US-s-p500-amtm-20240924-20240930-add-01,skipped_no_valid_match,0,True,penalized
US-s-p500-amtm-20241206-20241223-del-02,matched,3,True,penalized
US-s-p500-an-20170731-20170808-del-01,matched,3,True,penalized
US-s-p500-andv-20180925-20181001-del-01,skipped_no_valid_match,0,True,penalized
US-s-p500-anet-20180823-20180828-add-01,matched,3,True,penalized
US-s-p500-anf-20131211-20131223-del-01,matched,3,True,penalized
US-s-p500-anr-20110601-20110601-add-01,skipped_no_valid_match,0,True,penalized
US-s-p500-anr-20120925-20121002-del-02,skipped_no_valid_match,0,True,penalized
US-s-p500-anss-20170609-20170619-add-01,skipped_no_valid_match,0,True,penalized
US-s-p500-anss-20250714-20250718-del-02,skipped_no_valid_match,0,True,penalized
US-s-p500-aos-20170719-20170726-add-01,matched,3,True,penalized
US-s-p500-apc-20190801-20190809-del-01,skipped_no_valid_match,0,True,penalized
US-s-p500-apo-20241206-20241223-add-01,matched,3,True,penalized
US-s-p500-apol-20130620-20130701-del-01,skipped_no_valid_match,0,True,penalized
US-s-p500-app-20250905-20250922-add-01,matched,3,False,penalized
US-s-p500-are-20170310-20170320-add-01,matched,3,True,penalized
US-s-p500-ares-20251210-20251211-add-01,matched,3,True,penalized
US-s-p500-arg-20160518-20160523-del-01,skipped_no_valid_match,0,True,penalized
US-s-p500-arnc-20161101-20161101-add-01,skipped_no_valid_match,0,True,penalized
US-s-p500-arnc-20200401-20200401-del-02,skipped_no_valid_match,0,True,penalized
US-s-p500-ati-20150623-20150702-del-01,matched,3,True,penalized
US-s-p500-ato-20190208-20190215-add-01,matched,3,True,penalized
US-s-p500-atvi-20150827-20150828-add-01,skipped_no_valid_match,0,True,penalized
US-s-p500-atvi-20231013-20231018-del-02,skipped_no_valid_match,0,True,penalized
US-s-p500-avgo-20140505-20140508-add-01,matched,3,True,penalized
US-s-p500-avp-20150323-20150323-del-01,skipped_no_valid_match,0,True,penalized
US-s-p500-awk-20160301-20160304-add-01,matched,3,True,penalized
US-s-p500-axon-20230501-20230504-add-01,matched,3,True,penalized
US-s-p500-aye-20110216-20110225-del-01,skipped_no_valid_match,0,True,penalized
US-s-p500-ayi-20160426-20160503-add-01,matched,3,True,penalized
US-s-p500-ayi-20180608-20180618-del-02,matched,3,True,penalized
US-s-p500-bbby-20170719-20170726-del-01,matched,3,True,penalized
US-s-p500-bcr-20171228-20180103-del-01,skipped_no_valid_match,0,True,penalized
US-s-p500-beam-20140424-20140501-del-01,skipped_no_valid_match,0,True,penalized
US-s-p500-bg-20230313-20230315-add-01,matched,3,True,penalized
US-s-p500-bhf-20170731-20170808-add-01,matched,3,True,penalized
US-s-p500-bhf-20190326-20190402-del-02,matched,3,True,penalized
US-s-p500-bhi-20170630-20170707-del-01,skipped_no_valid_match,0,True,penalized
US-s-p500-big-20130207-20130215-del-01,skipped_no_valid_match,0,True,penalized
US-s-p500-bio-20200612-20200622-add-01,matched,3,True,penalized
US-s-p500-bio-20240906-20240923-del-02,matched,3,True,penalized
US-s-p500-bjs-20100429-20100429-del-01,skipped_no_valid_match,0,True,penalized
US-s-p500-bkr-20170630-20170707-add-01,matched,3,True,penalized
US-s-p500-bldr-20231201-20231218-add-01,matched,3,True,penalized
US-s-p500-blk-20110329-20110401-add-01,matched,3,True,penalized
US-s-p500-bmc-20130910-20130910-del-01,skipped_missing_target_snapshot,0,,
US-s-p500-bms-20141201-20141205-del-01,skipped_no_valid_match,0,True,penalized
US-s-p500-bms-20190603-20190607-add-02,skipped_no_valid_match,0,True,penalized
US-s-p500-bms-20190610-20190611-del-03,skipped_no_valid_match,0,True,penalized
US-s-p500-br-20180608-20180618-add-01,matched,3,True,penalized
US-s-p500-brcm-20160122-20160201-del-01,skipped_no_valid_match,0,True,penalized
US-s-p500-bro-20210903-20210920-add-01,matched,3,True,penalized
US-s-p500-btu-20140912-20140920-del-01,skipped_no_valid_match,0,True,penalized
US-s-p500-bwa-20111216-20111216-add-01,matched,3,True,penalized
US-s-p500-bwa-20250307-20250324-del-02,matched,3,True,penalized
US-s-p500-bx-20230914-20230918-add-01,matched,3,True,penalized
US-s-p500-bxlt-20150619-20150701-add-01,skipped_no_valid_match,0,True,penalized
US-s-p500-bxlt-20160527-20160603-del-02,skipped_no_valid_match,0,True,penalized
US-s-p500-ca-20181030-20181106-del-01,skipped_no_valid_match,0,True,penalized
US-s-p500-cam-20160328-20160404-del-01,skipped_no_valid_match,0,True,penalized
US-s-p500-carr-20200331-20200403-add-01,matched,3,True,penalized
US-s-p500-cb-20100708-20100714-add-01,matched,3,True,penalized
US-s-p500-cbe-20111118-20111118-add-01,skipped_missing_target_snapshot,0,,
US-s-p500-cbe-20121126-20121203-del-02,skipped_missing_target_snapshot,0,,
US-s-p500-cboe-20170223-20170301-add-01,matched,3,True,penalized
US-s-p500-cce-20160524-20160531-del-01,skipped_no_valid_match,0,True,penalized
US-s-p500-cci-20120312-20120313-add-01,matched,3,True,penalized
US-s-p500-cday-20210903-20210920-add-01,skipped_no_valid_match,0,True,penalized
US-s-p500-cdns-20170824-20170918-add-01,matched,3,True,penalized
US-s-p500-cdw-20190917-20190923-add-01,matched,3,True,penalized
US-s-p500-ce-20181224-20181224-add-01,matched,3,True,penalized
US-s-p500-ce-20250307-20250324-del-02,matched,3,True,penalized
US-s-p500-ceg-20120312-20120313-del-01,skipped_no_valid_match,0,True,penalized
US-s-p500-ceg-20220126-20220202-add-02,matched,3,True,penalized
US-s-p500-celg-20191118-20191121-del-01,skipped_no_valid_match,0,True,penalized
US-s-p500-ceph-20111011-20111014-del-01,skipped_no_valid_match,0,True,penalized
US-s-p500-cern-20100429-20100429-add-01,skipped_no_valid_match,0,True,penalized
US-s-p500-cern-20220603-20220608-del-02,skipped_no_valid_match,0,True,penalized
US-s-p500-cfg-20160126-20160201-add-01,matched,3,True,penalized
US-s-p500-cfn-20150313-20150318-del-01,skipped_no_valid_match,0,True,penalized
US-s-p500-chd-20151222-20151229-add-01,matched,3,True,penalized
US-s-p500-chk-20180309-20180319-del-01,skipped_no_valid_match,0,True,penalized
US-s-p500-chtr-20160831-20160908-add-01,matched,3,True,penalized
US-s-p500-clf-20140402-20140402-del-01,matched,3,True,penalized
US-s-p500-cma-20240607-20240624-del-01,skipped_no_valid_match,0,True,penalized
US-s-p500-cmcsk-20150918-20150918-add-01,skipped_no_valid_match,0,True,penalized
US-s-p500-cmg-20110427-20110427-add-01,matched,3,True,penalized
US-s-p500-cnc-20160324-20160330-add-01,matched,3,True,penalized
US-s-p500-cnx-20160301-20160304-del-01,matched,3,True,penalized
US-s-p500-coin-20250512-20250519-add-01,matched,3,True,penalized
US-s-p500-col-20181126-20181203-del-01,skipped_no_valid_match,0,True,penalized
US-s-p500-coo-20160910-20160922-add-01,matched,3,True,penalized
US-s-p500-coty-20160927-20160930-add-01,matched,3,True,penalized
US-s-p500-coty-20200904-20200921-del-02,matched,3,True,penalized
US-s-p500-cov-20110228-20110228-add-01,skipped_no_valid_match,0,True,penalized
US-s-p500-cov-20150121-20150127-del-02,skipped_no_valid_match,0,True,penalized
US-s-p500-cpgx-20150623-20150702-add-01,skipped_no_valid_match,0,True,penalized
US-s-p500-cpgx-20160623-20160705-del-02,skipped_no_valid_match,0,True,penalized
US-s-p500-cpri-20200506-20200512-del-01,matched,3,True,penalized
US-s-p500-cprt-20180625-20180702-add-01,matched,3,True,penalized
US-s-p500-cpt-20220329-20220404-add-01,matched,3,True,penalized
US-s-p500-cpwr-20111211-20111231-del-01,skipped_missing_target_snapshot,0,,
US-s-p500-crh-20251205-20251222-add-01,matched,3,True,penalized
US-s-p500-crl-20210510-20210514-add-01,matched,3,True,penalized
US-s-p500-crwd-20240607-20240624-add-01,matched,3,True,penalized
US-s-p500-csc-20151123-20151201-del-01,skipped_no_valid_match,0,True,penalized
US-s-p500-csgp-20220902-20220919-add-01,matched,3,True,penalized
US-s-p500-csra-20151123-20151201-add-01,skipped_no_valid_match,0,True,penalized
US-s-p500-csra-20180328-20180404-del-02,skipped_no_valid_match,0,True,penalized
US-s-p500-ctlt-20200904-20200921-add-01,skipped_no_valid_match,0,True,penalized
US-s-p500-ctlt-20241218-20241223-del-02,skipped_no_valid_match,0,True,penalized
US-s-p500-ctva-20190528-20190603-add-01,skipped_no_valid_match,0,True,penalized
US-s-p500-ctxs-20220923-20221003-del-01,skipped_no_valid_match,0,True,penalized
US-s-p500-cvc-20101209-20101217-add-01,skipped_no_valid_match,0,True,penalized
US-s-p500-cvc-20160621-20160622-del-02,skipped_no_valid_match,0,True,penalized
US-s-p500-cvh-20130503-20130508-del-01,skipped_no_valid_match,0,True,penalized
US-s-p500-cvna-20251205-20251222-add-01,matched,3,True,penalized
US-s-p500-cxo-20160216-20160222-add-01,skipped_no_valid_match,0,True,penalized
US-s-p500-cxo-20210115-20210121-del-02,skipped_no_valid_match,0,True,penalized
US-s-p500-czr-20210312-20210322-add-01,matched,3,True,penalized
US-s-p500-czr-20250905-20250922-del-02,matched,3,True,penalized
US-s-p500-dal-20130910-20130910-add-01,matched,3,True,penalized
US-s-p500-dash-20250307-20250324-add-01,matched,3,True,penalized
US-s-p500-dd-20170824-20170901-del-01,matched,3,True,penalized
US-s-p500-dd-20190528-20190603-add-02,matched,3,True,penalized
US-s-p500-ddog-20250702-20250709-add-01,matched,3,True,penalized
US-s-p500-deck-20240301-20240318-add-01,matched,3,True,penalized
US-s-p500-dell-20131021-20131029-del-01,skipped_no_valid_match,0,True,penalized
US-s-p500-dell-20240906-20240923-add-02,matched,3,True,penalized
US-s-p500-df-20130523-20130523-del-01,skipped_no_valid_match,0,True,penalized
US-s-p500-dfs-20250512-20250519-del-01,skipped_no_valid_match,0,True,penalized
US-s-p500-dg-20121126-20121203-add-01,matched,3,True,penalized
US-s-p500-disca-20220407-20220411-del-01,skipped_no_valid_match,0,True,penalized
US-s-p500-disck-20140730-20140806-add-01,skipped_no_valid_match,0,True,penalized
US-s-p500-dish-20170306-20170313-add-01,skipped_no_valid_match,0,True,penalized
US-s-p500-dish-20230602-20230620-del-02,skipped_no_valid_match,0,True,penalized
US-s-p500-dlph-20121218-20121221-add-01,skipped_no_valid_match,0,True,penalized
US-s-p500-dlr-20160513-20160518-add-01,matched,3,True,penalized
US-s-p500-dltr-20111216-20111216-add-01,matched,3,True,penalized
US-s-p500-dnb-20170329-20170405-del-01,skipped_no_valid_match,0,True,penalized
US-s-p500-dnr-20150313-20150323-del-01,skipped_no_valid_match,0,True,penalized
US-s-p500-do-20160927-20160930-del-01,skipped_no_valid_match,0,True,penalized
US-s-p500-dow-20170824-20170901-del-01,skipped_no_valid_match,0,True,penalized
US-s-p500-dow-20190326-20190402-add-02,matched,3,True,penalized
US-s-p500-dps-20180625-20180702-del-01,skipped_no_valid_match,0,True,penalized
US-s-p500-dpz-20200506-20200512-add-01,matched,3,True,penalized
US-s-p500-dre-20170719-20170726-add-01,skipped_no_valid_match,0,True,penalized
US-s-p500-dre-20220923-20221003-del-02,skipped_no_valid_match,0,True,penalized
US-s-p500-dtv-20150724-20150729-del-01,skipped_no_valid_match,0,True,penalized
US-s-p500-dv-20121001-20121001-del-01,skipped_no_valid_match,0,True,penalized
US-s-p500-dwdp-20170824-20170901-add-01,skipped_no_valid_match,0,True,penalized
US-s-p500-dwdp-20190528-20190603-del-02,skipped_no_valid_match,0,True,penalized
US-s-p500-dxc-20170328-20170404-add-01,matched,3,True,penalized
US-s-p500-dxcm-20200506-20200512-add-01,matched,3,True,penalized
US-s-p500-ek-20101209-20101217-del-01,skipped_no_valid_match,0,True,penalized
US-s-p500-emc-20160831-20160908-del-01,skipped_no_valid_match,0,True,penalized
US-s-p500-eme-20250905-20250922-add-01,matched,3,True,penalized
US-s-p500-endp-20150121-20150127-add-01,skipped_no_valid_match,0,True,penalized
US-s-p500-endp-20170223-20170302-del-02,skipped_no_valid_match,0,True,penalized
US-s-p500-enph-20201230-20210107-add-01,matched,3,True,penalized
US-s-p500-enph-20250905-20250922-del-02,matched,3,True,penalized
US-s-p500-ep-20120517-20120517-del-01,matched,3,True,penalized
US-s-p500-epam-20211207-20211214-add-01,matched,3,True,penalized
US-s-p500-eqix-20150313-20150323-add-01,matched,3,True,penalized
US-s-p500-eqt-20181107-20181113-del-01,matched,3,True,penalized
US-s-p500-eqt-20220923-20221003-add-02,matched,3,True,penalized
US-s-p500-erie-20240906-20240923-add-01,matched,3,True,penalized
US-s-p500-esrx-20181224-20181224-del-01,skipped_no_valid_match,0,True,penalized
US-s-p500-ess-20140402-20140402-add-01,matched,3,True,penalized
US-s-p500-esv-20120726-20120731-add-01,skipped_no_valid_match,0,True,penalized
US-s-p500-esv-20160324-20160330-del-02,skipped_no_valid_match,0,True,penalized
US-s-p500-etfc-20201001-20201007-del-01,skipped_no_valid_match,0,True,penalized
US-s-p500-etsy-20200904-20200921-add-01,matched,3,True,penalized
US-s-p500-etsy-20240906-20240923-del-02,matched,3,True,penalized
US-s-p500-evhc-20161129-20161202-add-01,skipped_no_valid_match,0,True,penalized
US-s-p500-evhc-20181004-20181011-del-02,skipped_no_valid_match,0,True,penalized
US-s-p500-evrg-20180531-20180605-add-01,matched,3,True,penalized
US-s-p500-ew-20110325-20110331-add-01,matched,3,True,penalized
US-s-p500-exe-20250307-20250324-add-01,matched,3,True,penalized
US-s-p500-exr-20160115-20160119-add-01,matched,3,True,penalized
US-s-p500-fang-20181126-20181203-add-01,matched,3,True,penalized
US-s-p500-fb-20131211-20131223-add-01,skipped_no_valid_match,0,True,penalized
US-s-p500-fbhs-20160621-20160622-add-01,skipped_no_valid_match,0,True,penalized
US-s-p500-fbhs-20221212-20221219-del-02,skipped_no_valid_match,0,True,penalized
US-s-p500-fdo-20150706-20150708-del-01,skipped_no_valid_match,0,True,penalized
US-s-p500-fds-20211203-20211220-add-01,matched,3,True,penalized
US-s-p500-ffiv-20101209-20101217-add-01,matched,3,True,penalized
US-s-p500-fhn-20130614-20130621-del-01,matched,3,True,penalized
US-s-p500-fico-20230303-20230320-add-01,matched,3,True,penalized
US-s-p500-fii-20121220-20130102-del-01,skipped_no_valid_match,0,True,penalized
US-s-p500-fix-20251205-20251222-add-01,matched,3,True,penalized
US-s-p500-fl-20160328-20160404-add-01,skipped_no_valid_match,0,True,penalized
US-s-p500-fl-20190801-20190809-del-02,skipped_no_valid_match,0,True,penalized
US-s-p500-flir-20210510-20210514-del-01,skipped_no_valid_match,0,True,penalized
US-s-p500-flr-20190528-20190603-del-01,matched,3,True,penalized
US-s-p500-fls-20210312-20210322-del-01,matched,3,True,penalized
US-s-p500-flt-20180615-20180620-add-01,skipped_no_valid_match,0,True,penalized
US-s-p500-fmc-20250307-20250324-del-01,matched,3,True,penalized
US-s-p500-fosl-20120402-20120403-add-01,matched,3,True,penalized
US-s-p500-fosl-20151228-20160105-del-02,matched,3,True,penalized
US-s-p500-fox-20150918-20150918-add-01,skipped_no_valid_match,0,True,penalized
US-s-p500-fox-20190314-20190319-del-02,skipped_no_valid_match,0,True,penalized
US-s-p500-fox-20190314-20190319-add-03,skipped_no_valid_match,0,True,penalized
US-s-p500-foxa-20190314-20190319-del-01,matched,3,True,penalized
US-s-p500-foxa-20190314-20190319-add-02,matched,3,True,penalized
US-s-p500-frc-20181227-20190102-add-01,skipped_no_valid_match,0,True,penalized
US-s-p500-frc-20230501-20230504-del-02,skipped_no_valid_match,0,True,penalized
US-s-p500-frt-20160122-20160201-add-01,matched,3,True,penalized
US-s-p500-frx-20140624-20140701-del-01,skipped_no_valid_match,0,True,penalized
US-s-p500-fslr-20170310-20170320-del-01,matched,3,True,penalized
US-s-p500-fslr-20221212-20221219-add-02,matched,3,True,penalized
US-s-p500-fti-20210208-20210212-del-01,matched,3,True,penalized
US-s-p500-ftnt-20181004-20181011-add-01,matched,3,True,penalized
US-s-p500-ftr-20170310-20170320-del-01,skipped_no_valid_match,0,True,penalized
US-s-p500-ftv-20160623-20160705-add-01,skipped_no_valid_match,0,True,penalized
US-s-p500-gas-20111208-20111212-del-01,skipped_no_valid_match,0,True,penalized
US-s-p500-gas-20111208-20111212-add-02,skipped_no_valid_match,0,True,penalized
US-s-p500-gas-20160629-20160701-del-03,skipped_no_valid_match,0,True,penalized
US-s-p500-gddy-20240607-20240624-add-01,matched,3,True,penalized
US-s-p500-gehc-20221228-20230104-add-01,matched,3,True,penalized
US-s-p500-genz-20110329-20110401-del-01,skipped_no_valid_match,0,True,penalized
US-s-p500-gev-20240327-20240402-add-01,skipped_no_valid_match,0,True,penalized
US-s-p500-ggp-20131204-20131210-add-01,skipped_no_valid_match,0,True,penalized
US-s-p500-ggp-20180823-20180828-del-02,skipped_no_valid_match,0,True,penalized
US-s-p500-ghc-20140920-20140920-del-01,matched,3,True,penalized
US-s-p500-gm-20130603-20130606-add-01,matched,3,True,penalized
US-s-p500-gmcr-20140314-20140321-add-01,skipped_no_valid_match,0,True,penalized
US-s-p500-gmcr-20160304-20160307-del-02,skipped_no_valid_match,0,True,penalized
US-s-p500-gme-20160425-20160425-del-01,matched,3,True,penalized
US-s-p500-gnrc-20210312-20210322-add-01,matched,3,True,penalized
US-s-p500-gnw-20151109-20151118-del-01,matched,3,True,penalized
US-s-p500-googl-20140402-20140403-add-01,matched,3,True,penalized
US-s-p500-gpn-20160425-20160425-add-01,matched,3,True,penalized
US-s-p500-gr-20120726-20120731-del-01,skipped_no_valid_match,0,True,penalized
US-s-p500-grmn-20121205-20121211-add-01,matched,3,True,penalized
US-s-p500-gt-20190221-20190227-del-01,matched,3,True,penalized
US-s-p500-har-20170313-20170316-del-01,skipped_no_valid_match,0,True,penalized
US-s-p500-hbi-20150323-20150323-add-01,skipped_no_valid_match,0,True,penalized
US-s-p500-hbi-20211203-20211220-del-02,skipped_no_valid_match,0,True,penalized
US-s-p500-hca-20150123-20150127-add-01,matched,3,True,penalized
US-s-p500-hcbk-20151027-20151102-del-01,skipped_no_valid_match,0,True,penalized
US-s-p500-hes-20250718-20250723-del-01,skipped_no_valid_match,0,True,penalized
US-s-p500-hfc-20180608-20180618-add-01,skipped_no_valid_match,0,True,penalized
US-s-p500-hii-20171228-20180103-add-01,matched,3,True,penalized
US-s-p500-hlt-20170609-20170619-add-01,matched,3,True,penalized
US-s-p500-hnz-20130603-20130606-del-01,skipped_no_valid_match,0,True,penalized
US-s-p500-hog-20200612-20200622-del-01,matched,3,True,penalized
US-s-p500-holx-20160324-20160330-add-01,matched,3,True,penalized
US-s-p500-hood-20250905-20250922-add-01,matched,3,True,penalized
US-s-p500-hot-20160910-20160922-del-01,skipped_no_valid_match,0,True,penalized
US-s-p500-hp-20100226-20100226-add-01,matched,3,True,penalized
US-s-p500-hp-20200518-20200522-del-02,matched,3,True,penalized
US-s-p500-hpe-20151027-20151102-add-01,matched,3,True,penalized
US-s-p500-hrb-20200904-20200921-del-01,matched,3,True,penalized
US-s-p500-hsic-20150313-20150318-add-01,matched,3,True,penalized
US-s-p500-hsp-20150827-20150902-del-01,skipped_no_valid_match,0,True,penalized
US-s-p500-hubb-20231013-20231018-add-01,matched,3,True,penalized
US-s-p500-hwm-20200401-20200401-add-01,matched,3,True,penalized
US-s-p500-ibkr-20250825-20250828-add-01,matched,3,True,penalized
US-s-p500-idxx-20170103-20170105-add-01,matched,3,True,penalized
US-s-p500-iex-20190801-20190809-add-01,matched,3,True,penalized
US-s-p500-igt-20140612-20140620-del-01,skipped_no_valid_match,0,True,penalized
US-s-p500-ilmn-20151112-20151119-add-01,matched,3,True,penalized
US-s-p500-ilmn-20240607-20240624-del-02,matched,3,True,penalized
US-s-p500-incy-20170223-20170228-add-01,matched,3,True,penalized
US-s-p500-info-20170524-20170602-add-01,skipped_no_valid_match,0,True,penalized
US-s-p500-info-20220225-20220302-del-02,skipped_no_valid_match,0,True,penalized
US-s-p500-invh-20220902-20220919-add-01,matched,3,True,penalized
US-s-p500-ipg-20251125-20251128-del-01,skipped_no_valid_match,0,True,penalized
US-s-p500-ipgp-20180302-20180307-add-01,matched,3,True,penalized
US-s-p500-ipgp-20220603-20220621-del-02,matched,3,True,penalized
US-s-p500-ir-20101110-20101117-add-01,skipped_no_valid_match,0,True,penalized
US-s-p500-ir-20200227-20200302-add-02,matched,3,True,penalized
US-s-p500-it-20170329-20170405-add-01,matched,3,True,penalized
US-s-p500-itt-20111024-20111031-del-01,matched,3,True,penalized
US-s-p500-jbht-20150629-20150701-add-01,matched,3,True,penalized
US-s-p500-jbl-20141029-20141105-del-01,matched,3,True,penalized
US-s-p500-jbl-20231201-20231218-add-02,matched,3,True,penalized
US-s-p500-jcp-20131122-20131202-del-01,skipped_no_valid_match,0,True,penalized
US-s-p500-jdsu-20131211-20131223-del-01,skipped_no_valid_match,0,True,penalized
US-s-p500-jef-20190920-20190926-del-01,matched,3,True,penalized
US-s-p500-jkhy-20181107-20181113-add-01,matched,3,True,penalized
US-s-p500-jnpr-20250702-20250709-del-01,skipped_no_valid_match,0,True,penalized
US-s-p500-jns-20111118-20111118-del-01,skipped_no_valid_match,0,True,penalized
US-s-p500-joy-20150930-20151007-del-01,skipped_no_valid_match,0,True,penalized
US-s-p500-joyg-20110216-20110225-add-01,skipped_no_valid_match,0,True,penalized
US-s-p500-jwn-20200612-20200622-del-01,skipped_no_valid_match,0,True,penalized
US-s-p500-k-20251210-20251211-del-01,skipped_no_valid_match,0,True,penalized
US-s-p500-kdp-20220603-20220621-add-01,matched,3,True,penalized
US-s-p500-keys-20181030-20181106-add-01,matched,3,True,penalized
US-s-p500-kft-20121001-20121002-del-01,skipped_no_valid_match,0,True,penalized
US-s-p500-kg-20101209-20101217-del-01,matched,3,True,penalized
US-s-p500-khc-20150702-20150706-add-01,skipped_no_valid_match,0,True,penalized
US-s-p500-kkr-20240607-20240624-add-01,matched,3,True,penalized
US-s-p500-kmi-20120517-20120517-add-01,matched,3,True,penalized
US-s-p500-kmx-20100622-20100628-add-01,matched,3,True,penalized
US-s-p500-kors-20131113-20131113-add-01,skipped_no_valid_match,0,True,penalized
US-s-p500-krft-20120925-20121002-add-01,skipped_no_valid_match,0,True,penalized
US-s-p500-krft-20150702-20150706-del-02,skipped_no_valid_match,0,True,penalized
US-s-p500-kss-20200904-20200921-del-01,matched,3,True,penalized
US-s-p500-ksu-20130523-20130523-add-01,skipped_no_valid_match,0,True,penalized
US-s-p500-ksu-20211207-20211214-del-02,skipped_no_valid_match,0,True,penalized
US-s-p500-kvue-20230821-20230825-add-01,matched,3,True,penalized
US-s-p500-ldos-20190801-20190809-add-01,matched,3,True,penalized
US-s-p500-leg-20211203-20211220-del-01,matched,3,True,penalized
US-s-p500-life-20140116-20140124-del-01,skipped_no_valid_match,0,True,penalized
US-s-p500-lii-20241218-20241223-add-01,matched,3,True,penalized
US-s-p500-lkq-20160518-20160523-add-01,matched,3,True,penalized
US-s-p500-lkq-20251205-20251222-del-02,matched,3,True,penalized
US-s-p500-lll-20190624-20190701-del-01,skipped_no_valid_match,0,True,penalized
US-s-p500-lltc-20170306-20170313-del-01,skipped_no_valid_match,0,True,penalized
US-s-p500-lm-20161129-20161202-del-01,skipped_no_valid_match,0,True,penalized
US-s-p500-lnc-20230914-20230918-del-01,matched,3,True,penalized
US-s-p500-lnt-20160629-20160701-add-01,matched,3,True,penalized
US-s-p500-lo-20150609-20150611-del-01,skipped_no_valid_match,0,True,penalized
US-s-p500-lrcx-20120510-20120605-add-01,matched,3,True,penalized
US-s-p500-lsi-20140505-20140508-del-01,skipped_no_valid_match,0,True,penalized
US-s-p500-lulu-20231013-20231018-add-01,matched,3,True,penalized
US-s-p500-lumn-20230303-20230320-del-01,matched,3,True,penalized
US-s-p500-lvlt-20141029-20141105-add-01,skipped_no_valid_match,0,True,penalized
US-s-p500-lvlt-20171004-20171013-del-02,skipped_no_valid_match,0,True,penalized
US-s-p500-lvs-20190920-20191003-add-01,matched,3,True,penalized
US-s-p500-lw-20181126-20181203-add-01,matched,3,True,penalized
US-s-p500-lxk-20121001-20121001-del-01,skipped_no_valid_match,0,True,penalized
US-s-p500-lyb-20120905-20120905-add-01,matched,3,True,penalized
US-s-p500-lyv-20191213-20191223-add-01,matched,3,True,penalized
US-s-p500-maa-20161129-20161202-add-01,matched,3,True,penalized
US-s-p500-mac-20130503-20130508-add-01,matched,3,True,penalized
US-s-p500-mac-20191213-20191223-del-02,matched,3,True,penalized
US-s-p500-mat-20190603-20190607-del-01,matched,3,True,penalized
US-s-p500-mbc-20221212-20221215-add-01,skipped_no_valid_match,0,True,penalized
US-s-p500-mdlz-20121001-20121002-add-01,matched,3,True,penalized
US-s-p500-mdp-20101223-20110103-del-01,skipped_no_valid_match,0,True,penalized
US-s-p500-mee-20110601-20110601-del-01,skipped_missing_target_snapshot,0,,
US-s-p500-mfe-20110228-20110228-del-01,skipped_no_valid_match,0,True,penalized
US-s-p500-mgm-20170719-20170726-add-01,matched,3,True,penalized
US-s-p500-mhk-20131211-20131223-add-01,matched,3,True,penalized
US-s-p500-mhk-20251205-20251222-del-02,matched,3,True,penalized
US-s-p500-mhs-20120402-20120403-del-01,skipped_no_valid_match,0,True,penalized
US-s-p500-mi-20110627-20110705-del-01,skipped_no_valid_match,0,True,penalized
US-s-p500-mil-20100708-20100714-del-01,skipped_no_valid_match,0,True,penalized
US-s-p500-mjn-20170612-20170619-del-01,skipped_no_valid_match,0,True,penalized
US-s-p500-mktx-20190624-20190701-add-01,matched,3,True,penalized
US-s-p500-mktx-20250905-20250922-del-02,matched,3,True,penalized
US-s-p500-mlm-20140627-20140702-add-01,matched,3,True,penalized
US-s-p500-mmi-20101223-20110103-add-01,skipped_no_valid_match,0,True,penalized
US-s-p500-mmi-20120521-20120521-del-02,skipped_no_valid_match,0,True,penalized
US-s-p500-mnk-20140814-20140818-add-01,skipped_no_valid_match,0,True,penalized
US-s-p500-mnk-20170719-20170726-del-02,skipped_no_valid_match,0,True,penalized
US-s-p500-mnst-20120621-20120629-add-01,matched,3,True,penalized
US-s-p500-moh-20220225-20220302-add-01,matched,3,True,penalized
US-s-p500-molx-20131204-20131210-del-01,skipped_no_valid_match,0,True,penalized
US-s-p500-mon-20180604-20180607-del-01,skipped_no_valid_match,0,True,penalized
US-s-p500-mos-20110921-20110923-add-01,matched,3,True,penalized
US-s-p500-mpc-20110630-20110630-add-01,matched,3,True,penalized
US-s-p500-mpwr-20210208-20210212-add-01,matched,3,True,penalized
US-s-p500-mrna-20210715-20210721-add-01,matched,3,True,penalized
US-s-p500-mro-20241121-20241126-del-01,skipped_no_valid_match,0,True,penalized
US-s-p500-msci-20180328-20180404-add-01,matched,3,True,penalized
US-s-p500-mtch-20210903-20210920-add-01,matched,3,True,penalized
US-s-p500-mtd-20160825-20160906-add-01,matched,3,True,penalized
US-s-p500-mur-20170719-20170726-del-01,matched,3,True,penalized
US-s-p500-mww-20111216-20111216-del-01,skipped_no_valid_match,0,True,penalized
US-s-p500-mxim-20181126-20181203-add-01,skipped_no_valid_match,0,True,penalized
US-s-p500-mxim-20210824-20210830-del-02,skipped_no_valid_match,0,True,penalized
US-s-p500-navi-20140424-20140501-add-01,matched,3,True,penalized
US-s-p500-navi-20180531-20180605-del-02,matched,3,True,penalized
US-s-p500-nbr-20150323-20150323-del-01,matched,3,True,penalized
US-s-p500-nclh-20171004-20171013-add-01,matched,3,False,penalized
US-s-p500-ndsn-20220210-20220215-add-01,matched,3,True,penalized
US-s-p500-ne-20150714-20150720-del-01,skipped_no_valid_match,0,True,penalized
US-s-p500-nflx-20101217-20101217-add-01,matched,3,True,penalized
US-s-p500-nfx-20101217-20101217-add-01,skipped_no_valid_match,0,True,penalized
US-s-p500-nfx-20190208-20190215-del-02,skipped_no_valid_match,0,True,penalized
US-s-p500-nktr-20180309-20180319-add-01,matched,3,True,penalized
US-s-p500-nktr-20190920-20191003-del-02,matched,3,True,penalized
US-s-p500-nlsn-20130701-20130708-add-01,skipped_no_valid_match,0,True,penalized
US-s-p500-nlsn-20221006-20221012-del-02,skipped_no_valid_match,0,True,penalized
US-s-p500-nov-20210903-20210920-del-01,matched,3,True,penalized
US-s-p500-novl-20110427-20110427-del-01,skipped_no_valid_match,0,True,penalized
US-s-p500-now-20191118-20191121-add-01,matched,3,True,penalized
US-s-p500-nsm-20110921-20110923-del-01,skipped_no_valid_match,0,True,penalized
US-s-p500-nvls-20120510-20120605-del-01,skipped_no_valid_match,0,True,penalized
US-s-p500-nvr-20190920-20190926-add-01,matched,3,True,penalized
US-s-p500-nwl-20230914-20230918-del-01,matched,3,True,penalized
US-s-p500-nws-20150918-20150918-add-01,matched,3,True,penalized
US-s-p500-nwsa-20130620-20130701-add-01,skipped_no_valid_match,0,True,penalized
US-s-p500-nxpi-20210312-20210322-add-01,matched,3,True,penalized
US-s-p500-nyt-20101217-20101217-del-01,matched,3,True,penalized
US-s-p500-nyx-20131113-20131113-del-01,skipped_no_valid_match,0,True,penalized
US-s-p500-o-20150330-20150407-add-01,matched,3,False,penalized
US-s-p500-odfl-20191202-20191209-add-01,matched,3,True,penalized
US-s-p500-odp-20101217-20101217-del-01,skipped_no_valid_match,0,True,penalized
US-s-p500-ogn-20210603-20210603-add-01,matched,3,True,penalized
US-s-p500-ogn-20231013-20231018-del-02,matched,3,True,penalized
US-s-p500-oi-20161129-20161202-del-01,matched,3,True,penalized
US-s-p500-on-20220603-20220621-add-01,matched,3,True,penalized
US-s-p500-otis-20200331-20200403-add-01,matched,3,True,penalized
US-s-p500-panw-20230602-20230620-add-01,matched,3,True,penalized
US-s-p500-payc-20200122-20200128-add-01,matched,3,True,penalized
US-s-p500-pbct-20220329-20220404-del-01,skipped_no_valid_match,0,True,penalized
US-s-p500-pbi-20170223-20170301-del-01,matched,3,True,penalized
US-s-p500-pcg-20190115-20190118-del-01,matched,3,True,penalized
US-s-p500-pcg-20220923-20221003-add-02,matched,3,True,penalized
US-s-p500-pcl-20160216-20160222-del-01,skipped_no_valid_match,0,True,penalized
US-s-p500-pcp-20160126-20160201-del-01,skipped_no_valid_match,0,True,penalized
US-s-p500-pcs-20130424-20130430-del-01,skipped_no_valid_match,0,True,penalized
US-s-p500-pdco-20180309-20180319-del-01,skipped_no_valid_match,0,True,penalized
US-s-p500-penn-20210312-20210322-add-01,matched,3,True,penalized
US-s-p500-penn-20220902-20220919-del-02,matched,3,True,penalized
US-s-p500-petm-20121001-20121010-add-01,skipped_no_valid_match,0,True,penalized
US-s-p500-petm-20150309-20150312-del-02,skipped_no_valid_match,0,True,penalized
US-s-p500-pgn-20120625-20120702-del-01,skipped_no_valid_match,0,True,penalized
US-s-p500-pkg-20170719-20170726-add-01,matched,3,True,penalized
US-s-p500-pll-20150827-20150828-del-01,skipped_no_valid_match,0,True,penalized
US-s-p500-pltr-20240906-20240923-add-01,matched,3,True,penalized
US-s-p500-pnr-20121001-20121001-add-01,matched,3,True,penalized
US-s-p500-podd-20230310-20230315-add-01,matched,3,True,penalized
US-s-p500-pom-20160324-20160330-del-01,skipped_no_valid_match,0,True,penalized
US-s-p500-pool-20201001-20201007-add-01,matched,3,True,penalized
US-s-p500-prgo-20111216-20111216-add-01,matched,3,True,penalized
US-s-p500-prgo-20210903-20210920-del-02,matched,3,True,penalized
US-s-p500-psx-20120423-20120423-add-01,matched,3,True,penalized
US-s-p500-ptc-20210415-20210420-add-01,matched,3,True,penalized
US-s-p500-ptv-20101110-20101117-del-01,skipped_missing_target_snapshot,0,,
US-s-p500-pvh-20130207-20130215-add-01,matched,3,True,penalized
US-s-p500-pvh-20220902-20220919-del-02,matched,3,True,penalized
US-s-p500-pxd-20240503-20240508-del-01,skipped_no_valid_match,0,True,penalized
US-s-p500-pypl-20150714-20150720-add-01,matched,3,True,penalized
US-s-p500-q-20110325-20110331-del-01,skipped_no_valid_match,0,True,penalized
US-s-p500-q-20170824-20170829-add-02,skipped_no_valid_match,0,True,penalized
US-s-p500-q-20251031-20251103-add-03,matched,3,True,penalized
US-s-p500-qep-20100623-20100630-add-01,skipped_no_valid_match,0,True,penalized
US-s-p500-qep-20150619-20150701-del-02,skipped_no_valid_match,0,True,penalized
US-s-p500-qrvo-20150609-20150611-add-01,matched,3,True,penalized
US-s-p500-qrvo-20241206-20241223-del-02,matched,3,True,penalized
US-s-p500-r-20170609-20170619-del-01,matched,3,True,penalized
US-s-p500-rai-20170719-20170726-del-01,skipped_no_valid_match,0,True,penalized
US-s-p500-rcl-20141201-20141205-add-01,matched,3,True,penalized
US-s-p500-rdc-20140814-20140818-del-01,skipped_no_valid_match,0,True,penalized
US-s-p500-re-20170612-20170619-add-01,skipped_no_valid_match,0,True,penalized
US-s-p500-reg-20170223-20170302-add-01,matched,3,True,penalized
US-s-p500-regn-20130424-20130430-add-01,matched,3,True,penalized
US-s-p500-rhi-20240607-20240624-del-01,matched,3,True,penalized
US-s-p500-rht-20190709-20190715-del-01,skipped_no_valid_match,0,True,penalized
US-s-p500-rig-20131021-20131029-add-01,matched,3,True,penalized
US-s-p500-rig-20170719-20170726-del-02,matched,3,True,penalized
US-s-p500-rjf-20170310-20170320-add-01,matched,3,True,penalized
US-s-p500-rmd-20170719-20170726-add-01,matched,3,True,penalized
US-s-p500-rol-20180925-20181001-add-01,matched,3,True,penalized
US-s-p500-rrc-20180608-20180618-del-01,matched,3,True,penalized
US-s-p500-rrd-20121205-20121211-del-01,skipped_no_valid_match,0,True,penalized
US-s-p500-rsh-20110630-20110630-del-01,skipped_missing_target_snapshot,0,,
US-s-p500-rx-20100226-20100226-del-01,skipped_no_valid_match,0,True,penalized
US-s-p500-s-20130701-20130708-del-01,skipped_no_valid_match,0,True,penalized
US-s-p500-sai-20130911-20130920-del-01,skipped_no_valid_match,0,True,penalized
US-s-p500-sbac-20170824-20170901-add-01,matched,3,True,penalized
US-s-p500-sbny-20211203-20211220-add-01,skipped_no_valid_match,0,True,penalized
US-s-p500-sbny-20230313-20230315-del-02,skipped_no_valid_match,0,True,penalized
US-s-p500-scg-20181227-20190102-del-01,skipped_no_valid_match,0,True,penalized
US-s-p500-se-20170223-20170228-del-01,skipped_no_valid_match,0,True,penalized
US-s-p500-sedg-20211203-20211220-add-01,matched,3,True,penalized
US-s-p500-sedg-20231201-20231218-del-02,matched,3,True,penalized
US-s-p500-see-20231201-20231218-del-01,matched,3,True,penalized
US-s-p500-shld-20120905-20120905-del-01,skipped_no_valid_match,0,True,penalized
US-s-p500-sial-20151112-20151119-del-01,skipped_no_valid_match,0,True,penalized
US-s-p500-sig-20150724-20150729-add-01,matched,3,True,penalized
US-s-p500-sig-20180309-20180319-del-02,matched,3,True,penalized
US-s-p500-sii-20100819-20100826-del-01,matched,3,True,penalized
US-s-p500-sivb-20180309-20180319-add-01,skipped_no_valid_match,0,True,penalized
US-s-p500-sivb-20230310-20230315-del-02,skipped_no_valid_match,0,True,penalized
US-s-p500-sle-20120621-20120629-del-01,skipped_no_valid_match,0,True,penalized
US-s-p500-slg-20150323-20150323-add-01,matched,3,True,penalized
US-s-p500-slg-20210312-20210322-del-02,matched,3,True,penalized
US-s-p500-slm-20140424-20140501-del-01,matched,3,True,penalized
US-s-p500-smci-20240301-20240318-add-01,matched,3,True,penalized
US-s-p500-sndk-20160510-20160513-del-01,skipped_no_valid_match,0,True,penalized
US-s-p500-sndk-20251125-20251128-add-02,matched,3,True,penalized
US-s-p500-sni-20180302-20180307-del-01,skipped_no_valid_match,0,True,penalized
US-s-p500-snps-20170313-20170316-add-01,matched,3,True,penalized
US-s-p500-sols-20251030-20251030-add-01,matched,3,True,penalized
US-s-p500-sols-20251205-20251222-del-02,matched,3,True,penalized
US-s-p500-solv-20240327-20240401-add-01,skipped_no_valid_match,0,True,penalized
US-s-p500-spls-20170824-20170918-del-01,skipped_no_valid_match,0,True,penalized
US-s-p500-srcl-20181126-20181203-del-01,skipped_no_valid_match,0,True,penalized
US-s-p500-ste-20191213-20191223-add-01,matched,3,True,penalized
US-s-p500-sti-20191202-20191209-del-01,skipped_no_valid_match,0,True,penalized
US-s-p500-stj-20170103-20170105-del-01,skipped_no_valid_match,0,True,penalized
US-s-p500-stld-20221219-20221222-add-01,matched,3,False,penalized
US-s-p500-str-20100623-20100630-del-01,skipped_no_valid_match,0,True,penalized
US-s-p500-stx-20120625-20120702-add-01,matched,3,True,penalized
US-s-p500-sun-20121001-20121010-del-01,matched,3,True,penalized
US-s-p500-svu-20120423-20120423-del-01,skipped_no_valid_match,0,True,penalized
US-s-p500-swks-20150309-20150312-add-01,matched,3,True,penalized
US-s-p500-swn-20170328-20170404-del-01,skipped_no_valid_match,0,True,penalized
US-s-p500-swy-20150123-20150127-del-01,skipped_no_valid_match,0,True,penalized
US-s-p500-syf-20151109-20151118-add-01,matched,3,True,penalized
US-s-p500-tdc-20170609-20170619-del-01,matched,3,True,penalized
US-s-p500-tdg-20160527-20160603-add-01,matched,3,True,penalized
US-s-p500-tdy-20200612-20200622-add-01,matched,3,True,penalized
US-s-p500-te-20160623-20160701-del-01,skipped_no_valid_match,0,True,penalized
US-s-p500-tech-20210824-20210830-add-01,matched,3,True,penalized
US-s-p500-teg-20150629-20150701-del-01,skipped_no_valid_match,0,True,penalized
US-s-p500-tel-20111011-20111014-add-01,matched,3,True,penalized
US-s-p500-ter-20131211-20131223-del-01,matched,3,True,penalized
US-s-p500-ter-20200904-20200921-add-02,matched,3,True,penalized
US-s-p500-tfx-20190115-20190118-add-01,matched,3,True,penalized
US-s-p500-tfx-20250307-20250324-del-02,matched,3,True,penalized
US-s-p500-tgna-20170524-20170602-del-01,matched,3,True,penalized
US-s-p500-thc-20160407-20160418-del-01,matched,3,True,penalized
US-s-p500-tie-20121218-20121221-del-01,skipped_missing_target_snapshot,0,,
US-s-p500-tif-20201230-20210107-del-01,skipped_no_valid_match,0,True,penalized
US-s-p500-tko-20250307-20250324-add-01,matched,3,True,penalized
US-s-p500-tlab-20111220-20111220-del-01,skipped_no_valid_match,0,True,penalized
US-s-p500-tmus-20190709-20190715-add-01,matched,3,True,penalized
US-s-p500-tpl-20241121-20241126-add-01,matched,3,True,penalized
US-s-p500-trgp-20221006-20221012-add-01,matched,3,True,penalized
US-s-p500-trip-20111220-20111220-add-01,matched,3,True,penalized
US-s-p500-trip-20191213-20191223-del-02,matched,3,True,penalized
US-s-p500-trmb-20210115-20210121-add-01,matched,3,True,penalized
US-s-p500-tsco-20140116-20140124-add-01,matched,3,True,penalized
US-s-p500-tsla-20201211-20201221-add-01,matched,3,True,penalized
US-s-p500-tss-20190917-20190923-del-01,skipped_no_valid_match,0,True,penalized
US-s-p500-ttd-20250714-20250718-add-01,matched,3,True,penalized
US-s-p500-ttwo-20180309-20180319-add-01,matched,3,True,penalized
US-s-p500-twc-20160513-20160518-del-01,skipped_no_valid_match,0,True,penalized
US-s-p500-twtr-20180604-20180607-add-01,skipped_no_valid_match,0,True,penalized
US-s-p500-twtr-20221027-20221101-del-02,skipped_no_valid_match,0,True,penalized
US-s-p500-twx-20180615-20180620-del-01,skipped_no_valid_match,0,True,penalized
US-s-p500-tyc-20100819-20100826-add-01,skipped_no_valid_match,0,True,penalized
US-s-p500-tyc-20160825-20160906-del-02,skipped_no_valid_match,0,True,penalized
US-s-p500-tyl-20200612-20200622-add-01,matched,3,True,penalized
US-s-p500-ua-20140424-20140501-add-01,skipped_no_valid_match,0,True,penalized
US-s-p500-ua-20160408-20160408-add-02,matched,3,True,penalized
US-s-p500-uaa-20220603-20220621-del-01,matched,3,True,penalized
US-s-p500-ual-20150827-20150902-add-01,matched,3,True,penalized
US-s-p500-uber-20231201-20231218-add-01,matched,3,True,penalized
US-s-p500-udr-20160304-20160307-add-01,matched,3,True,penalized
US-s-p500-uhs-20140920-20140920-add-01,matched,3,True,penalized
US-s-p500-ulta-20160407-20160418-add-01,matched,3,True,penalized
US-s-p500-unm-20210903-20210920-del-01,matched,3,True,penalized
US-s-p500-urbn-20170310-20170320-del-01,matched,3,True,penalized
US-s-p500-uri-20140912-20140920-add-01,matched,3,True,penalized
US-s-p500-var-20210415-20210420-del-01,skipped_no_valid_match,0,True,penalized
US-s-p500-viab-20191127-20191205-del-01,skipped_no_valid_match,0,True,penalized
US-s-p500-vici-20220603-20220608-add-01,matched,3,True,penalized
US-s-p500-vlto-20230928-20231002-add-01,skipped_no_valid_match,0,True,penalized
US-s-p500-vnt-20201005-20201009-add-01,matched,3,True,penalized
US-s-p500-vnt-20210312-20210322-del-02,matched,3,True,penalized
US-s-p500-vrsk-20150930-20151007-add-01,matched,3,True,penalized
US-s-p500-vrtx-20130911-20130920-add-01,matched,3,True,penalized
US-s-p500-vst-20240503-20240508-add-01,matched,3,True,penalized
US-s-p500-wab-20190221-20190227-add-01,matched,3,True,penalized
US-s-p500-wba-20250825-20250828-del-01,skipped_no_valid_match,0,True,penalized
US-s-p500-wbd-20220407-20220411-add-01,matched,3,True,penalized
US-s-p500-wcg-20180911-20180914-add-01,skipped_no_valid_match,0,True,penalized
US-s-p500-wcg-20200122-20200128-del-02,skipped_no_valid_match,0,True,penalized
US-s-p500-wday-20241206-20241223-add-01,matched,3,True,penalized
US-s-p500-wfm-20170824-20170829-del-01,skipped_no_valid_match,0,True,penalized
US-s-p500-wfr-20111216-20111216-del-01,skipped_no_valid_match,0,True,penalized
US-s-p500-whr-20240301-20240318-del-01,matched,3,True,penalized
US-s-p500-win-20150330-20150407-del-01,skipped_no_valid_match,0,True,penalized
US-s-p500-wltw-20151228-20160105-add-01,skipped_no_valid_match,0,True,penalized
US-s-p500-wpx-20111211-20111231-add-01,skipped_no_valid_match,0,True,penalized
US-s-p500-wpx-20140314-20140321-del-02,skipped_no_valid_match,0,True,penalized
US-s-p500-wrb-20191127-20191205-add-01,matched,3,True,penalized
US-s-p500-wsm-20250307-20250324-add-01,matched,3,True,penalized
US-s-p500-wst-20200518-20200522-add-01,matched,3,True,penalized
US-s-p500-wu-20211203-20211220-del-01,matched,3,True,penalized
US-s-p500-wyn-20180525-20180531-del-01,skipped_no_valid_match,0,True,penalized
US-s-p500-x-20140627-20140702-del-01,skipped_no_valid_match,0,True,penalized
US-s-p500-xec-20140612-20140620-add-01,skipped_no_valid_match,0,True,penalized
US-s-p500-xec-20200227-20200302-del-02,skipped_no_valid_match,0,True,penalized
US-s-p500-xl-20180911-20180914-del-01,skipped_no_valid_match,0,True,penalized
US-s-p500-xlnx-20220210-20220215-del-01,skipped_no_valid_match,0,True,penalized
US-s-p500-xrx-20210312-20210322-del-01,matched,3,True,penalized
US-s-p500-xto-20100622-20100628-del-01,skipped_no_valid_match,0,True,penalized
US-s-p500-xyl-20111024-20111031-add-01,matched,3,True,penalized
US-s-p500-xyz-20250718-20250723-add-01,matched,3,True,penalized
US-s-p500-yhoo-20170609-20170619-del-01,skipped_no_valid_match,0,True,penalized
US-s-p500-zbra-20191213-20191223-add-01,matched,3,True,penalized
US-s-p500-zion-20240301-20240318-del-01,matched,3,True,penalized
US-s-p500-zts-20130614-20130621-add-01,matched,3,True,penalized
