market,index_name,ticker,announce_date,effective_date,batch_id,security_name,event_type,inclusion,source,source_url,note,sector
CN,CSI300,000413,2020-06-01,2020-06-15,csi300-2020-06,东旭光电,deletion,0,CSIndex adjustment attachment manual transcription,https://www.yicai.com/news/100650649.html,Transcribed from public news reproduction of official CSIndex attachment,
CN,CSI300,000415,2020-06-01,2020-06-15,csi300-2020-06,渤海租赁,deletion,0,CSIndex adjustment attachment manual transcription,https://www.yicai.com/news/100650649.html,Transcribed from public news reproduction of official CSIndex attachment,
CN,CSI300,000423,2020-06-01,2020-06-15,csi300-2020-06,东阿阿胶,deletion,0,CSIndex adjustment attachment manual transcription,https://www.yicai.com/news/100650649.html,Transcribed from public news reproduction of official CSIndex attachment,
CN,CSI300,000629,2020-06-01,2020-06-15,csi300-2020-06,攀钢钒钛,deletion,0,CSIndex adjustment attachment manual transcription,https://www.yicai.com/news/100650649.html,Transcribed from public news reproduction of official CSIndex attachment,
CN,CSI300,000630,2020-06-01,2020-06-15,csi300-2020-06,铜陵有色,deletion,0,CSIndex adjustment attachment manual transcription,https://www.yicai.com/news/100650649.html,Transcribed from public news reproduction of official CSIndex attachment,
CN,CSI300,000898,2020-06-01,2020-06-15,csi300-2020-06,鞍钢股份,deletion,0,CSIndex adjustment attachment manual transcription,https://www.yicai.com/news/100650649.html,Transcribed from public news reproduction of official CSIndex attachment,
CN,CSI300,002010,2020-06-01,2020-06-15,csi300-2020-06,传化智联,deletion,0,CSIndex adjustment attachment manual transcription,https://www.yicai.com/news/100650649.html,Transcribed from public news reproduction of official CSIndex attachment,
CN,CSI300,002081,2020-06-01,2020-06-15,csi300-2020-06,金螳螂,deletion,0,CSIndex adjustment attachment manual transcription,https://www.yicai.com/news/100650649.html,Transcribed from public news reproduction of official CSIndex attachment,
CN,CSI300,002294,2020-06-01,2020-06-15,csi300-2020-06,信立泰,deletion,0,CSIndex adjustment attachment manual transcription,https://www.yicai.com/news/100650649.html,Transcribed from public news reproduction of official CSIndex attachment,
CN,CSI300,002411,2020-06-01,2020-06-15,csi300-2020-06,延安必康,deletion,0,CSIndex adjustment attachment manual transcription,https://www.yicai.com/news/100650649.html,Transcribed from public news reproduction of official CSIndex attachment,
CN,CSI300,300017,2020-06-01,2020-06-15,csi300-2020-06,网宿科技,deletion,0,CSIndex adjustment attachment manual transcription,https://www.yicai.com/news/100650649.html,Transcribed from public news reproduction of official CSIndex attachment,
CN,CSI300,300024,2020-06-01,2020-06-15,csi300-2020-06,机器人,deletion,0,CSIndex adjustment attachment manual transcription,https://www.yicai.com/news/100650649.html,Transcribed from public news reproduction of official CSIndex attachment,
CN,CSI300,300070,2020-06-01,2020-06-15,csi300-2020-06,碧水源,deletion,0,CSIndex adjustment attachment manual transcription,https://www.yicai.com/news/100650649.html,Transcribed from public news reproduction of official CSIndex attachment,
CN,CSI300,600023,2020-06-01,2020-06-15,csi300-2020-06,浙能电力,deletion,0,CSIndex adjustment attachment manual transcription,https://www.yicai.com/news/100650649.html,Transcribed from public news reproduction of official CSIndex attachment,
CN,CSI300,600100,2020-06-01,2020-06-15,csi300-2020-06,同方股份,deletion,0,CSIndex adjustment attachment manual transcription,https://www.yicai.com/news/100650649.html,Transcribed from public news reproduction of official CSIndex attachment,
CN,CSI300,600153,2020-06-01,2020-06-15,csi300-2020-06,建发股份,deletion,0,CSIndex adjustment attachment manual transcription,https://www.yicai.com/news/100650649.html,Transcribed from public news reproduction of official CSIndex attachment,
CN,CSI300,600535,2020-06-01,2020-06-15,csi300-2020-06,天士力,deletion,0,CSIndex adjustment attachment manual transcription,https://www.yicai.com/news/100650649.html,Transcribed from public news reproduction of official CSIndex attachment,
CN,CSI300,600566,2020-06-01,2020-06-15,csi300-2020-06,济川药业,deletion,0,CSIndex adjustment attachment manual transcription,https://www.yicai.com/news/100650649.html,Transcribed from public news reproduction of official CSIndex attachment,
CN,CSI300,600663,2020-06-01,2020-06-15,csi300-2020-06,陆家嘴,deletion,0,CSIndex adjustment attachment manual transcription,https://www.yicai.com/news/100650649.html,Transcribed from public news reproduction of official CSIndex attachment,
CN,CSI300,600733,2020-06-01,2020-06-15,csi300-2020-06,北汽蓝谷,deletion,0,CSIndex adjustment attachment manual transcription,https://www.yicai.com/news/100650649.html,Transcribed from public news reproduction of official CSIndex attachment,
CN,CSI300,600816,2020-06-01,2020-06-15,csi300-2020-06,*ST安信,deletion,0,CSIndex adjustment attachment manual transcription,https://www.yicai.com/news/100650649.html,Transcribed from public news reproduction of official CSIndex attachment,
CN,CSI300,000066,2020-06-01,2020-06-15,csi300-2020-06,中国长城,addition,1,CSIndex adjustment attachment manual transcription,https://www.yicai.com/news/100650649.html,Transcribed from public news reproduction of official CSIndex attachment,
CN,CSI300,000708,2020-06-01,2020-06-15,csi300-2020-06,中信特钢,addition,1,CSIndex adjustment attachment manual transcription,https://www.yicai.com/news/100650649.html,Transcribed from public news reproduction of official CSIndex attachment,
CN,CSI300,000860,2020-06-01,2020-06-15,csi300-2020-06,顺鑫农业,addition,1,CSIndex adjustment attachment manual transcription,https://www.yicai.com/news/100650649.html,Transcribed from public news reproduction of official CSIndex attachment,
CN,CSI300,000977,2020-06-01,2020-06-15,csi300-2020-06,浪潮信息,addition,1,CSIndex adjustment attachment manual transcription,https://www.yicai.com/news/100650649.html,Transcribed from public news reproduction of official CSIndex attachment,
CN,CSI300,002129,2020-06-01,2020-06-15,csi300-2020-06,中环股份,addition,1,CSIndex adjustment attachment manual transcription,https://www.yicai.com/news/100650649.html,Transcribed from public news reproduction of official CSIndex attachment,
CN,CSI300,002157,2020-06-01,2020-06-15,csi300-2020-06,正邦科技,addition,1,CSIndex adjustment attachment manual transcription,https://www.yicai.com/news/100650649.html,Transcribed from public news reproduction of official CSIndex attachment,
CN,CSI300,002371,2020-06-01,2020-06-15,csi300-2020-06,北方华创,addition,1,CSIndex adjustment attachment manual transcription,https://www.yicai.com/news/100650649.html,Transcribed from public news reproduction of official CSIndex attachment,
CN,CSI300,002463,2020-06-01,2020-06-15,csi300-2020-06,沪电股份,addition,1,CSIndex adjustment attachment manual transcription,https://www.yicai.com/news/100650649.html,Transcribed from public news reproduction of official CSIndex attachment,
CN,CSI300,003816,2020-06-01,2020-06-15,csi300-2020-06,中国广核,addition,1,CSIndex adjustment attachment manual transcription,https://www.yicai.com/news/100650649.html,Transcribed from public news reproduction of official CSIndex attachment,
CN,CSI300,300014,2020-06-01,2020-06-15,csi300-2020-06,亿纬锂能,addition,1,CSIndex adjustment attachment manual transcription,https://www.yicai.com/news/100650649.html,Transcribed from public news reproduction of official CSIndex attachment,
CN,CSI300,300601,2020-06-01,2020-06-15,csi300-2020-06,康泰生物,addition,1,CSIndex adjustment attachment manual transcription,https://www.yicai.com/news/100650649.html,Transcribed from public news reproduction of official CSIndex attachment,
CN,CSI300,300628,2020-06-01,2020-06-15,csi300-2020-06,亿联网络,addition,1,CSIndex adjustment attachment manual transcription,https://www.yicai.com/news/100650649.html,Transcribed from public news reproduction of official CSIndex attachment,
CN,CSI300,600745,2020-06-01,2020-06-15,csi300-2020-06,闻泰科技,addition,1,CSIndex adjustment attachment manual transcription,https://www.yicai.com/news/100650649.html,Transcribed from public news reproduction of official CSIndex attachment,
CN,CSI300,601077,2020-06-01,2020-06-15,csi300-2020-06,渝农商行,addition,1,CSIndex adjustment attachment manual transcription,https://www.yicai.com/news/100650649.html,Transcribed from public news reproduction of official CSIndex attachment,
CN,CSI300,601100,2020-06-01,2020-06-15,csi300-2020-06,恒立液压,addition,1,CSIndex adjustment attachment manual transcription,https://www.yicai.com/news/100650649.html,Transcribed from public news reproduction of official CSIndex attachment,
CN,CSI300,601231,2020-06-01,2020-06-15,csi300-2020-06,环旭电子,addition,1,CSIndex adjustment attachment manual transcription,https://www.yicai.com/news/100650649.html,Transcribed from public news reproduction of official CSIndex attachment,
CN,CSI300,601658,2020-06-01,2020-06-15,csi300-2020-06,邮储银行,addition,1,CSIndex adjustment attachment manual transcription,https://www.yicai.com/news/100650649.html,Transcribed from public news reproduction of official CSIndex attachment,
CN,CSI300,601816,2020-06-01,2020-06-15,csi300-2020-06,京沪高铁,addition,1,CSIndex adjustment attachment manual transcription,https://www.yicai.com/news/100650649.html,Transcribed from public news reproduction of official CSIndex attachment,
CN,CSI300,601916,2020-06-01,2020-06-15,csi300-2020-06,浙商银行,addition,1,CSIndex adjustment attachment manual transcription,https://www.yicai.com/news/100650649.html,Transcribed from public news reproduction of official CSIndex attachment,
CN,CSI300,603369,2020-06-01,2020-06-15,csi300-2020-06,今世缘,addition,1,CSIndex adjustment attachment manual transcription,https://www.yicai.com/news/100650649.html,Transcribed from public news reproduction of official CSIndex attachment,
CN,CSI300,603658,2020-06-01,2020-06-15,csi300-2020-06,安图生物,addition,1,CSIndex adjustment attachment manual transcription,https://www.yicai.com/news/100650649.html,Transcribed from public news reproduction of official CSIndex attachment,
CN,CSI300,000656,2021-11-26,2021-12-10,csi300-2021-11,金科股份,deletion,0,CSIndex adjustment attachment manual transcription,https://news.stcn.com/sd/202111/t20211127_3911236.html,Transcribed from public news reproduction of official CSIndex attachment,
CN,CSI300,000728,2021-11-26,2021-12-10,csi300-2021-11,国元证券,deletion,0,CSIndex adjustment attachment manual transcription,https://news.stcn.com/sd/202111/t20211127_3911236.html,Transcribed from public news reproduction of official CSIndex attachment,
CN,CSI300,000860,2021-11-26,2021-12-10,csi300-2021-11,顺鑫农业,deletion,0,CSIndex adjustment attachment manual transcription,https://news.stcn.com/sd/202111/t20211127_3911236.html,Transcribed from public news reproduction of official CSIndex attachment,
CN,CSI300,002153,2021-11-26,2021-12-10,csi300-2021-11,石基信息,deletion,0,CSIndex adjustment attachment manual transcription,https://news.stcn.com/sd/202111/t20211127_3911236.html,Transcribed from public news reproduction of official CSIndex attachment,
CN,CSI300,002384,2021-11-26,2021-12-10,csi300-2021-11,东山精密,deletion,0,CSIndex adjustment attachment manual transcription,https://news.stcn.com/sd/202111/t20211127_3911236.html,Transcribed from public news reproduction of official CSIndex attachment,
CN,CSI300,002456,2021-11-26,2021-12-10,csi300-2021-11,欧菲光,deletion,0,CSIndex adjustment attachment manual transcription,https://news.stcn.com/sd/202111/t20211127_3911236.html,Transcribed from public news reproduction of official CSIndex attachment,
CN,CSI300,002463,2021-11-26,2021-12-10,csi300-2021-11,沪电股份,deletion,0,CSIndex adjustment attachment manual transcription,https://news.stcn.com/sd/202111/t20211127_3911236.html,Transcribed from public news reproduction of official CSIndex attachment,
CN,CSI300,002508,2021-11-26,2021-12-10,csi300-2021-11,老板电器,deletion,0,CSIndex adjustment attachment manual transcription,https://news.stcn.com/sd/202111/t20211127_3911236.html,Transcribed from public news reproduction of official CSIndex attachment,
CN,CSI300,002558,2021-11-26,2021-12-10,csi300-2021-11,巨人网络,deletion,0,CSIndex adjustment attachment manual transcription,https://news.stcn.com/sd/202111/t20211127_3911236.html,Transcribed from public news reproduction of official CSIndex attachment,
CN,CSI300,002673,2021-11-26,2021-12-10,csi300-2021-11,西部证券,deletion,0,CSIndex adjustment attachment manual transcription,https://news.stcn.com/sd/202111/t20211127_3911236.html,Transcribed from public news reproduction of official CSIndex attachment,
CN,CSI300,002739,2021-11-26,2021-12-10,csi300-2021-11,万达电影,deletion,0,CSIndex adjustment attachment manual transcription,https://news.stcn.com/sd/202111/t20211127_3911236.html,Transcribed from public news reproduction of official CSIndex attachment,
CN,CSI300,002773,2021-11-26,2021-12-10,csi300-2021-11,康弘药业,deletion,0,CSIndex adjustment attachment manual transcription,https://news.stcn.com/sd/202111/t20211127_3911236.html,Transcribed from public news reproduction of official CSIndex attachment,
CN,CSI300,002939,2021-11-26,2021-12-10,csi300-2021-11,长城证券,deletion,0,CSIndex adjustment attachment manual transcription,https://news.stcn.com/sd/202111/t20211127_3911236.html,Transcribed from public news reproduction of official CSIndex attachment,
CN,CSI300,002945,2021-11-26,2021-12-10,csi300-2021-11,华林证券,deletion,0,CSIndex adjustment attachment manual transcription,https://news.stcn.com/sd/202111/t20211127_3911236.html,Transcribed from public news reproduction of official CSIndex attachment,
CN,CSI300,300136,2021-11-26,2021-12-10,csi300-2021-11,信维通信,deletion,0,CSIndex adjustment attachment manual transcription,https://news.stcn.com/sd/202111/t20211127_3911236.html,Transcribed from public news reproduction of official CSIndex attachment,
CN,CSI300,600118,2021-11-26,2021-12-10,csi300-2021-11,中国卫星,deletion,0,CSIndex adjustment attachment manual transcription,https://news.stcn.com/sd/202111/t20211127_3911236.html,Transcribed from public news reproduction of official CSIndex attachment,
CN,CSI300,600233,2021-11-26,2021-12-10,csi300-2021-11,圆通速递,deletion,0,CSIndex adjustment attachment manual transcription,https://news.stcn.com/sd/202111/t20211127_3911236.html,Transcribed from public news reproduction of official CSIndex attachment,
CN,CSI300,600299,2021-11-26,2021-12-10,csi300-2021-11,安迪苏,deletion,0,CSIndex adjustment attachment manual transcription,https://news.stcn.com/sd/202111/t20211127_3911236.html,Transcribed from public news reproduction of official CSIndex attachment,
CN,CSI300,600340,2021-11-26,2021-12-10,csi300-2021-11,华夏幸福,deletion,0,CSIndex adjustment attachment manual transcription,https://news.stcn.com/sd/202111/t20211127_3911236.html,Transcribed from public news reproduction of official CSIndex attachment,
CN,CSI300,600482,2021-11-26,2021-12-10,csi300-2021-11,中国动力,deletion,0,CSIndex adjustment attachment manual transcription,https://news.stcn.com/sd/202111/t20211127_3911236.html,Transcribed from public news reproduction of official CSIndex attachment,
CN,CSI300,600521,2021-11-26,2021-12-10,csi300-2021-11,华海药业,deletion,0,CSIndex adjustment attachment manual transcription,https://news.stcn.com/sd/202111/t20211127_3911236.html,Transcribed from public news reproduction of official CSIndex attachment,
CN,CSI300,600522,2021-11-26,2021-12-10,csi300-2021-11,中天科技,deletion,0,CSIndex adjustment attachment manual transcription,https://news.stcn.com/sd/202111/t20211127_3911236.html,Transcribed from public news reproduction of official CSIndex attachment,
CN,CSI300,600703,2021-11-26,2021-12-10,csi300-2021-11,三安光电,deletion,0,CSIndex adjustment attachment manual transcription,https://news.stcn.com/sd/202111/t20211127_3911236.html,Transcribed from public news reproduction of official CSIndex attachment,
CN,CSI300,600705,2021-11-26,2021-12-10,csi300-2021-11,中航产融,deletion,0,CSIndex adjustment attachment manual transcription,https://news.stcn.com/sd/202111/t20211127_3911236.html,Transcribed from public news reproduction of official CSIndex attachment,
CN,CSI300,601077,2021-11-26,2021-12-10,csi300-2021-11,渝农商行,deletion,0,CSIndex adjustment attachment manual transcription,https://news.stcn.com/sd/202111/t20211127_3911236.html,Transcribed from public news reproduction of official CSIndex attachment,
CN,CSI300,601555,2021-11-26,2021-12-10,csi300-2021-11,东吴证券,deletion,0,CSIndex adjustment attachment manual transcription,https://news.stcn.com/sd/202111/t20211127_3911236.html,Transcribed from public news reproduction of official CSIndex attachment,
CN,CSI300,601727,2021-11-26,2021-12-10,csi300-2021-11,上海电气,deletion,0,CSIndex adjustment attachment manual transcription,https://news.stcn.com/sd/202111/t20211127_3911236.html,Transcribed from public news reproduction of official CSIndex attachment,
CN,CSI300,601872,2021-11-26,2021-12-10,csi300-2021-11,招商轮船,deletion,0,CSIndex adjustment attachment manual transcription,https://news.stcn.com/sd/202111/t20211127_3911236.html,Transcribed from public news reproduction of official CSIndex attachment,
CN,CSI300,000301,2021-11-26,2021-12-10,csi300-2021-11,东方盛虹,addition,1,CSIndex adjustment attachment manual transcription,https://news.stcn.com/sd/202111/t20211127_3911236.html,Transcribed from public news reproduction of official CSIndex attachment,
CN,CSI300,002064,2021-11-26,2021-12-10,csi300-2021-11,华峰化学,addition,1,CSIndex adjustment attachment manual transcription,https://news.stcn.com/sd/202111/t20211127_3911236.html,Transcribed from public news reproduction of official CSIndex attachment,
CN,CSI300,002459,2021-11-26,2021-12-10,csi300-2021-11,晶澳科技,addition,1,CSIndex adjustment attachment manual transcription,https://news.stcn.com/sd/202111/t20211127_3911236.html,Transcribed from public news reproduction of official CSIndex attachment,
CN,CSI300,002466,2021-11-26,2021-12-10,csi300-2021-11,天齐锂业,addition,1,CSIndex adjustment attachment manual transcription,https://news.stcn.com/sd/202111/t20211127_3911236.html,Transcribed from public news reproduction of official CSIndex attachment,
CN,CSI300,002568,2021-11-26,2021-12-10,csi300-2021-11,百润股份,addition,1,CSIndex adjustment attachment manual transcription,https://news.stcn.com/sd/202111/t20211127_3911236.html,Transcribed from public news reproduction of official CSIndex attachment,
CN,CSI300,002709,2021-11-26,2021-12-10,csi300-2021-11,天赐材料,addition,1,CSIndex adjustment attachment manual transcription,https://news.stcn.com/sd/202111/t20211127_3911236.html,Transcribed from public news reproduction of official CSIndex attachment,
CN,CSI300,002791,2021-11-26,2021-12-10,csi300-2021-11,坚朗五金,addition,1,CSIndex adjustment attachment manual transcription,https://news.stcn.com/sd/202111/t20211127_3911236.html,Transcribed from public news reproduction of official CSIndex attachment,
CN,CSI300,300316,2021-11-26,2021-12-10,csi300-2021-11,晶盛机电,addition,1,CSIndex adjustment attachment manual transcription,https://news.stcn.com/sd/202111/t20211127_3911236.html,Transcribed from public news reproduction of official CSIndex attachment,
CN,CSI300,300750,2021-11-26,2021-12-10,csi300-2021-11,宁德时代,addition,1,CSIndex adjustment attachment manual transcription,https://news.stcn.com/sd/202111/t20211127_3911236.html,Transcribed from public news reproduction of official CSIndex attachment,
CN,CSI300,300759,2021-11-26,2021-12-10,csi300-2021-11,康龙化成,addition,1,CSIndex adjustment attachment manual transcription,https://news.stcn.com/sd/202111/t20211127_3911236.html,Transcribed from public news reproduction of official CSIndex attachment,
CN,CSI300,300760,2021-11-26,2021-12-10,csi300-2021-11,迈瑞医疗,addition,1,CSIndex adjustment attachment manual transcription,https://news.stcn.com/sd/202111/t20211127_3911236.html,Transcribed from public news reproduction of official CSIndex attachment,
CN,CSI300,300782,2021-11-26,2021-12-10,csi300-2021-11,卓胜微,addition,1,CSIndex adjustment attachment manual transcription,https://news.stcn.com/sd/202111/t20211127_3911236.html,Transcribed from public news reproduction of official CSIndex attachment,
CN,CSI300,300866,2021-11-26,2021-12-10,csi300-2021-11,安克创新,addition,1,CSIndex adjustment attachment manual transcription,https://news.stcn.com/sd/202111/t20211127_3911236.html,Transcribed from public news reproduction of official CSIndex attachment,
CN,CSI300,300888,2021-11-26,2021-12-10,csi300-2021-11,稳健医疗,addition,1,CSIndex adjustment attachment manual transcription,https://news.stcn.com/sd/202111/t20211127_3911236.html,Transcribed from public news reproduction of official CSIndex attachment,
CN,CSI300,300896,2021-11-26,2021-12-10,csi300-2021-11,爱美客,addition,1,CSIndex adjustment attachment manual transcription,https://news.stcn.com/sd/202111/t20211127_3911236.html,Transcribed from public news reproduction of official CSIndex attachment,
CN,CSI300,300999,2021-11-26,2021-12-10,csi300-2021-11,金龙鱼,addition,1,CSIndex adjustment attachment manual transcription,https://news.stcn.com/sd/202111/t20211127_3911236.html,Transcribed from public news reproduction of official CSIndex attachment,
CN,CSI300,600905,2021-11-26,2021-12-10,csi300-2021-11,三峡能源,addition,1,CSIndex adjustment attachment manual transcription,https://news.stcn.com/sd/202111/t20211127_3911236.html,Transcribed from public news reproduction of official CSIndex attachment,
CN,CSI300,601728,2021-11-26,2021-12-10,csi300-2021-11,中国电信,addition,1,CSIndex adjustment attachment manual transcription,https://news.stcn.com/sd/202111/t20211127_3911236.html,Transcribed from public news reproduction of official CSIndex attachment,
CN,CSI300,601865,2021-11-26,2021-12-10,csi300-2021-11,福莱特,addition,1,CSIndex adjustment attachment manual transcription,https://news.stcn.com/sd/202111/t20211127_3911236.html,Transcribed from public news reproduction of official CSIndex attachment,
CN,CSI300,601868,2021-11-26,2021-12-10,csi300-2021-11,中国能建,addition,1,CSIndex adjustment attachment manual transcription,https://news.stcn.com/sd/202111/t20211127_3911236.html,Transcribed from public news reproduction of official CSIndex attachment,
CN,CSI300,601898,2021-11-26,2021-12-10,csi300-2021-11,中煤能源,addition,1,CSIndex adjustment attachment manual transcription,https://news.stcn.com/sd/202111/t20211127_3911236.html,Transcribed from public news reproduction of official CSIndex attachment,
CN,CSI300,601966,2021-11-26,2021-12-10,csi300-2021-11,玲珑轮胎,addition,1,CSIndex adjustment attachment manual transcription,https://news.stcn.com/sd/202111/t20211127_3911236.html,Transcribed from public news reproduction of official CSIndex attachment,
CN,CSI300,603260,2021-11-26,2021-12-10,csi300-2021-11,合盛硅业,addition,1,CSIndex adjustment attachment manual transcription,https://news.stcn.com/sd/202111/t20211127_3911236.html,Transcribed from public news reproduction of official CSIndex attachment,
CN,CSI300,603486,2021-11-26,2021-12-10,csi300-2021-11,科沃斯,addition,1,CSIndex adjustment attachment manual transcription,https://news.stcn.com/sd/202111/t20211127_3911236.html,Transcribed from public news reproduction of official CSIndex attachment,
CN,CSI300,605499,2021-11-26,2021-12-10,csi300-2021-11,东鹏饮料,addition,1,CSIndex adjustment attachment manual transcription,https://news.stcn.com/sd/202111/t20211127_3911236.html,Transcribed from public news reproduction of official CSIndex attachment,
CN,CSI300,688561,2021-11-26,2021-12-10,csi300-2021-11,奇安信-U,addition,1,CSIndex adjustment attachment manual transcription,https://news.stcn.com/sd/202111/t20211127_3911236.html,Transcribed from public news reproduction of official CSIndex attachment,
CN,CSI300,688599,2021-11-26,2021-12-10,csi300-2021-11,天合光能,addition,1,CSIndex adjustment attachment manual transcription,https://news.stcn.com/sd/202111/t20211127_3911236.html,Transcribed from public news reproduction of official CSIndex attachment,
CN,CSI300,688981,2021-11-26,2021-12-10,csi300-2021-11,中芯国际,addition,1,CSIndex adjustment attachment manual transcription,https://news.stcn.com/sd/202111/t20211127_3911236.html,Transcribed from public news reproduction of official CSIndex attachment,
CN,CSI300,000783,2022-05-27,2022-06-10,csi300-2022-05,长江证券,deletion,0,CSIndex adjustment attachment manual transcription,https://news.stcn.com/sd/202205/t20220528_4593433.html,Transcribed from public news reproduction of official CSIndex attachment,
CN,CSI300,002024,2022-05-27,2022-06-10,csi300-2022-05,ST易购,deletion,0,CSIndex adjustment attachment manual transcription,https://news.stcn.com/sd/202205/t20220528_4593433.html,Transcribed from public news reproduction of official CSIndex attachment,
CN,CSI300,002044,2022-05-27,2022-06-10,csi300-2022-05,美年健康,deletion,0,CSIndex adjustment attachment manual transcription,https://news.stcn.com/sd/202205/t20220528_4593433.html,Transcribed from public news reproduction of official CSIndex attachment,
CN,CSI300,002157,2022-05-27,2022-06-10,csi300-2022-05,正邦科技,deletion,0,CSIndex adjustment attachment manual transcription,https://news.stcn.com/sd/202205/t20220528_4593433.html,Transcribed from public news reproduction of official CSIndex attachment,
CN,CSI300,002624,2022-05-27,2022-06-10,csi300-2022-05,完美世界,deletion,0,CSIndex adjustment attachment manual transcription,https://news.stcn.com/sd/202205/t20220528_4593433.html,Transcribed from public news reproduction of official CSIndex attachment,
CN,CSI300,300144,2022-05-27,2022-06-10,csi300-2022-05,宋城演艺,deletion,0,CSIndex adjustment attachment manual transcription,https://news.stcn.com/sd/202205/t20220528_4593433.html,Transcribed from public news reproduction of official CSIndex attachment,
CN,CSI300,300558,2022-05-27,2022-06-10,csi300-2022-05,贝达药业,deletion,0,CSIndex adjustment attachment manual transcription,https://news.stcn.com/sd/202205/t20220528_4593433.html,Transcribed from public news reproduction of official CSIndex attachment,
CN,CSI300,300676,2022-05-27,2022-06-10,csi300-2022-05,华大基因,deletion,0,CSIndex adjustment attachment manual transcription,https://news.stcn.com/sd/202205/t20220528_4593433.html,Transcribed from public news reproduction of official CSIndex attachment,
CN,CSI300,300677,2022-05-27,2022-06-10,csi300-2022-05,英科医疗,deletion,0,CSIndex adjustment attachment manual transcription,https://news.stcn.com/sd/202205/t20220528_4593433.html,Transcribed from public news reproduction of official CSIndex attachment,
CN,CSI300,300888,2022-05-27,2022-06-10,csi300-2022-05,稳健医疗,deletion,0,CSIndex adjustment attachment manual transcription,https://news.stcn.com/sd/202205/t20220528_4593433.html,Transcribed from public news reproduction of official CSIndex attachment,
CN,CSI300,600079,2022-05-27,2022-06-10,csi300-2022-05,人福医药,deletion,0,CSIndex adjustment attachment manual transcription,https://news.stcn.com/sd/202205/t20220528_4593433.html,Transcribed from public news reproduction of official CSIndex attachment,
CN,CSI300,600109,2022-05-27,2022-06-10,csi300-2022-05,国金证券,deletion,0,CSIndex adjustment attachment manual transcription,https://news.stcn.com/sd/202205/t20220528_4593433.html,Transcribed from public news reproduction of official CSIndex attachment,
CN,CSI300,600143,2022-05-27,2022-06-10,csi300-2022-05,金发科技,deletion,0,CSIndex adjustment attachment manual transcription,https://news.stcn.com/sd/202205/t20220528_4593433.html,Transcribed from public news reproduction of official CSIndex attachment,
CN,CSI300,600848,2022-05-27,2022-06-10,csi300-2022-05,上海临港,deletion,0,CSIndex adjustment attachment manual transcription,https://news.stcn.com/sd/202205/t20220528_4593433.html,Transcribed from public news reproduction of official CSIndex attachment,
CN,CSI300,600872,2022-05-27,2022-06-10,csi300-2022-05,中炬高新,deletion,0,CSIndex adjustment attachment manual transcription,https://news.stcn.com/sd/202205/t20220528_4593433.html,Transcribed from public news reproduction of official CSIndex attachment,
CN,CSI300,601108,2022-05-27,2022-06-10,csi300-2022-05,财通证券,deletion,0,CSIndex adjustment attachment manual transcription,https://news.stcn.com/sd/202205/t20220528_4593433.html,Transcribed from public news reproduction of official CSIndex attachment,
CN,CSI300,601162,2022-05-27,2022-06-10,csi300-2022-05,天风证券,deletion,0,CSIndex adjustment attachment manual transcription,https://news.stcn.com/sd/202205/t20220528_4593433.html,Transcribed from public news reproduction of official CSIndex attachment,
CN,CSI300,601231,2022-05-27,2022-06-10,csi300-2022-05,环旭电子,deletion,0,CSIndex adjustment attachment manual transcription,https://news.stcn.com/sd/202205/t20220528_4593433.html,Transcribed from public news reproduction of official CSIndex attachment,
CN,CSI300,601607,2022-05-27,2022-06-10,csi300-2022-05,上海医药,deletion,0,CSIndex adjustment attachment manual transcription,https://news.stcn.com/sd/202205/t20220528_4593433.html,Transcribed from public news reproduction of official CSIndex attachment,
CN,CSI300,601696,2022-05-27,2022-06-10,csi300-2022-05,中银证券,deletion,0,CSIndex adjustment attachment manual transcription,https://news.stcn.com/sd/202205/t20220528_4593433.html,Transcribed from public news reproduction of official CSIndex attachment,
CN,CSI300,601933,2022-05-27,2022-06-10,csi300-2022-05,永辉超市,deletion,0,CSIndex adjustment attachment manual transcription,https://news.stcn.com/sd/202205/t20220528_4593433.html,Transcribed from public news reproduction of official CSIndex attachment,
CN,CSI300,601990,2022-05-27,2022-06-10,csi300-2022-05,南京证券,deletion,0,CSIndex adjustment attachment manual transcription,https://news.stcn.com/sd/202205/t20220528_4593433.html,Transcribed from public news reproduction of official CSIndex attachment,
CN,CSI300,603233,2022-05-27,2022-06-10,csi300-2022-05,大参林,deletion,0,CSIndex adjustment attachment manual transcription,https://news.stcn.com/sd/202205/t20220528_4593433.html,Transcribed from public news reproduction of official CSIndex attachment,
CN,CSI300,603338,2022-05-27,2022-06-10,csi300-2022-05,浙江鼎力,deletion,0,CSIndex adjustment attachment manual transcription,https://news.stcn.com/sd/202205/t20220528_4593433.html,Transcribed from public news reproduction of official CSIndex attachment,
CN,CSI300,603517,2022-05-27,2022-06-10,csi300-2022-05,绝味食品,deletion,0,CSIndex adjustment attachment manual transcription,https://news.stcn.com/sd/202205/t20220528_4593433.html,Transcribed from public news reproduction of official CSIndex attachment,
CN,CSI300,603658,2022-05-27,2022-06-10,csi300-2022-05,安图生物,deletion,0,CSIndex adjustment attachment manual transcription,https://news.stcn.com/sd/202205/t20220528_4593433.html,Transcribed from public news reproduction of official CSIndex attachment,
CN,CSI300,603939,2022-05-27,2022-06-10,csi300-2022-05,益丰药房,deletion,0,CSIndex adjustment attachment manual transcription,https://news.stcn.com/sd/202205/t20220528_4593433.html,Transcribed from public news reproduction of official CSIndex attachment,
CN,CSI300,688009,2022-05-27,2022-06-10,csi300-2022-05,中国通号,deletion,0,CSIndex adjustment attachment manual transcription,https://news.stcn.com/sd/202205/t20220528_4593433.html,Transcribed from public news reproduction of official CSIndex attachment,
CN,CSI300,000408,2022-05-27,2022-06-10,csi300-2022-05,藏格矿业,addition,1,CSIndex adjustment attachment manual transcription,https://news.stcn.com/sd/202205/t20220528_4593433.html,Transcribed from public news reproduction of official CSIndex attachment,
CN,CSI300,000792,2022-05-27,2022-06-10,csi300-2022-05,盐湖股份,addition,1,CSIndex adjustment attachment manual transcription,https://news.stcn.com/sd/202205/t20220528_4593433.html,Transcribed from public news reproduction of official CSIndex attachment,
CN,CSI300,000877,2022-05-27,2022-06-10,csi300-2022-05,天山股份,addition,1,CSIndex adjustment attachment manual transcription,https://news.stcn.com/sd/202205/t20220528_4593433.html,Transcribed from public news reproduction of official CSIndex attachment,
CN,CSI300,001289,2022-05-27,2022-06-10,csi300-2022-05,龙源电力,addition,1,CSIndex adjustment attachment manual transcription,https://news.stcn.com/sd/202205/t20220528_4593433.html,Transcribed from public news reproduction of official CSIndex attachment,
CN,CSI300,002074,2022-05-27,2022-06-10,csi300-2022-05,国轩高科,addition,1,CSIndex adjustment attachment manual transcription,https://news.stcn.com/sd/202205/t20220528_4593433.html,Transcribed from public news reproduction of official CSIndex attachment,
CN,CSI300,002648,2022-05-27,2022-06-10,csi300-2022-05,卫星化学,addition,1,CSIndex adjustment attachment manual transcription,https://news.stcn.com/sd/202205/t20220528_4593433.html,Transcribed from public news reproduction of official CSIndex attachment,
CN,CSI300,002920,2022-05-27,2022-06-10,csi300-2022-05,德赛西威,addition,1,CSIndex adjustment attachment manual transcription,https://news.stcn.com/sd/202205/t20220528_4593433.html,Transcribed from public news reproduction of official CSIndex attachment,
CN,CSI300,300207,2022-05-27,2022-06-10,csi300-2022-05,欣旺达,addition,1,CSIndex adjustment attachment manual transcription,https://news.stcn.com/sd/202205/t20220528_4593433.html,Transcribed from public news reproduction of official CSIndex attachment,
CN,CSI300,300223,2022-05-27,2022-06-10,csi300-2022-05,北京君正,addition,1,CSIndex adjustment attachment manual transcription,https://news.stcn.com/sd/202205/t20220528_4593433.html,Transcribed from public news reproduction of official CSIndex attachment,
CN,CSI300,300454,2022-05-27,2022-06-10,csi300-2022-05,深信服,addition,1,CSIndex adjustment attachment manual transcription,https://news.stcn.com/sd/202205/t20220528_4593433.html,Transcribed from public news reproduction of official CSIndex attachment,
CN,CSI300,300496,2022-05-27,2022-06-10,csi300-2022-05,中科创达,addition,1,CSIndex adjustment attachment manual transcription,https://news.stcn.com/sd/202205/t20220528_4593433.html,Transcribed from public news reproduction of official CSIndex attachment,
CN,CSI300,300661,2022-05-27,2022-06-10,csi300-2022-05,圣邦股份,addition,1,CSIndex adjustment attachment manual transcription,https://news.stcn.com/sd/202205/t20220528_4593433.html,Transcribed from public news reproduction of official CSIndex attachment,
CN,CSI300,300751,2022-05-27,2022-06-10,csi300-2022-05,迈为股份,addition,1,CSIndex adjustment attachment manual transcription,https://news.stcn.com/sd/202205/t20220528_4593433.html,Transcribed from public news reproduction of official CSIndex attachment,
CN,CSI300,300763,2022-05-27,2022-06-10,csi300-2022-05,锦浪科技,addition,1,CSIndex adjustment attachment manual transcription,https://news.stcn.com/sd/202205/t20220528_4593433.html,Transcribed from public news reproduction of official CSIndex attachment,
CN,CSI300,300919,2022-05-27,2022-06-10,csi300-2022-05,中伟股份,addition,1,CSIndex adjustment attachment manual transcription,https://news.stcn.com/sd/202205/t20220528_4593433.html,Transcribed from public news reproduction of official CSIndex attachment,
CN,CSI300,300957,2022-05-27,2022-06-10,csi300-2022-05,贝泰妮,addition,1,CSIndex adjustment attachment manual transcription,https://news.stcn.com/sd/202205/t20220528_4593433.html,Transcribed from public news reproduction of official CSIndex attachment,
CN,CSI300,300979,2022-05-27,2022-06-10,csi300-2022-05,华利集团,addition,1,CSIndex adjustment attachment manual transcription,https://news.stcn.com/sd/202205/t20220528_4593433.html,Transcribed from public news reproduction of official CSIndex attachment,
CN,CSI300,600089,2022-05-27,2022-06-10,csi300-2022-05,特变电工,addition,1,CSIndex adjustment attachment manual transcription,https://news.stcn.com/sd/202205/t20220528_4593433.html,Transcribed from public news reproduction of official CSIndex attachment,
CN,CSI300,600188,2022-05-27,2022-06-10,csi300-2022-05,兖矿能源,addition,1,CSIndex adjustment attachment manual transcription,https://news.stcn.com/sd/202205/t20220528_4593433.html,Transcribed from public news reproduction of official CSIndex attachment,
CN,CSI300,600219,2022-05-27,2022-06-10,csi300-2022-05,南山铝业,addition,1,CSIndex adjustment attachment manual transcription,https://news.stcn.com/sd/202205/t20220528_4593433.html,Transcribed from public news reproduction of official CSIndex attachment,
CN,CSI300,600460,2022-05-27,2022-06-10,csi300-2022-05,士兰微,addition,1,CSIndex adjustment attachment manual transcription,https://news.stcn.com/sd/202205/t20220528_4593433.html,Transcribed from public news reproduction of official CSIndex attachment,
CN,CSI300,600941,2022-05-27,2022-06-10,csi300-2022-05,中国移动,addition,1,CSIndex adjustment attachment manual transcription,https://news.stcn.com/sd/202205/t20220528_4593433.html,Transcribed from public news reproduction of official CSIndex attachment,
CN,CSI300,601117,2022-05-27,2022-06-10,csi300-2022-05,中国化学,addition,1,CSIndex adjustment attachment manual transcription,https://news.stcn.com/sd/202205/t20220528_4593433.html,Transcribed from public news reproduction of official CSIndex attachment,
CN,CSI300,601825,2022-05-27,2022-06-10,csi300-2022-05,沪农商行,addition,1,CSIndex adjustment attachment manual transcription,https://news.stcn.com/sd/202205/t20220528_4593433.html,Transcribed from public news reproduction of official CSIndex attachment,
CN,CSI300,603185,2022-05-27,2022-06-10,csi300-2022-05,上机数控,addition,1,CSIndex adjustment attachment manual transcription,https://news.stcn.com/sd/202205/t20220528_4593433.html,Transcribed from public news reproduction of official CSIndex attachment,
CN,CSI300,603290,2022-05-27,2022-06-10,csi300-2022-05,斯达半导,addition,1,CSIndex adjustment attachment manual transcription,https://news.stcn.com/sd/202205/t20220528_4593433.html,Transcribed from public news reproduction of official CSIndex attachment,
CN,CSI300,688005,2022-05-27,2022-06-10,csi300-2022-05,容百科技,addition,1,CSIndex adjustment attachment manual transcription,https://news.stcn.com/sd/202205/t20220528_4593433.html,Transcribed from public news reproduction of official CSIndex attachment,
CN,CSI300,688065,2022-05-27,2022-06-10,csi300-2022-05,凯赛生物,addition,1,CSIndex adjustment attachment manual transcription,https://news.stcn.com/sd/202205/t20220528_4593433.html,Transcribed from public news reproduction of official CSIndex attachment,
CN,CSI300,000723,2023-11-24,2023-12-08,csi300-2023-11,美锦能源,deletion,0,CSIndex adjustment attachment manual transcription,https://m.sohu.com/a/738946563_313170/,Transcribed from public news reproduction of official CSIndex attachment,
CN,CSI300,002064,2023-11-24,2023-12-08,csi300-2023-11,华峰化学,deletion,0,CSIndex adjustment attachment manual transcription,https://m.sohu.com/a/738946563_313170/,Transcribed from public news reproduction of official CSIndex attachment,
CN,CSI300,002120,2023-11-24,2023-12-08,csi300-2023-11,韵达股份,deletion,0,CSIndex adjustment attachment manual transcription,https://m.sohu.com/a/738946563_313170/,Transcribed from public news reproduction of official CSIndex attachment,
CN,CSI300,002414,2023-11-24,2023-12-08,csi300-2023-11,高德红外,deletion,0,CSIndex adjustment attachment manual transcription,https://m.sohu.com/a/738946563_313170/,Transcribed from public news reproduction of official CSIndex attachment,
CN,CSI300,002756,2023-11-24,2023-12-08,csi300-2023-11,永兴材料,deletion,0,CSIndex adjustment attachment manual transcription,https://m.sohu.com/a/738946563_313170/,Transcribed from public news reproduction of official CSIndex attachment,
CN,CSI300,300207,2023-11-24,2023-12-08,csi300-2023-11,欣旺达,deletion,0,CSIndex adjustment attachment manual transcription,https://m.sohu.com/a/738946563_313170/,Transcribed from public news reproduction of official CSIndex attachment,
CN,CSI300,300601,2023-11-24,2023-12-08,csi300-2023-11,康泰生物,deletion,0,CSIndex adjustment attachment manual transcription,https://m.sohu.com/a/738946563_313170/,Transcribed from public news reproduction of official CSIndex attachment,
CN,CSI300,300769,2023-11-24,2023-12-08,csi300-2023-11,德方纳米,deletion,0,CSIndex adjustment attachment manual transcription,https://m.sohu.com/a/738946563_313170/,Transcribed from public news reproduction of official CSIndex attachment,
CN,CSI300,600383,2023-11-24,2023-12-08,csi300-2023-11,金地集团,deletion,0,CSIndex adjustment attachment manual transcription,https://m.sohu.com/a/738946563_313170/,Transcribed from public news reproduction of official CSIndex attachment,
CN,CSI300,600763,2023-11-24,2023-12-08,csi300-2023-11,通策医疗,deletion,0,CSIndex adjustment attachment manual transcription,https://m.sohu.com/a/738946563_313170/,Transcribed from public news reproduction of official CSIndex attachment,
CN,CSI300,600884,2023-11-24,2023-12-08,csi300-2023-11,杉杉股份,deletion,0,CSIndex adjustment attachment manual transcription,https://m.sohu.com/a/738946563_313170/,Transcribed from public news reproduction of official CSIndex attachment,
CN,CSI300,601216,2023-11-24,2023-12-08,csi300-2023-11,君正集团,deletion,0,CSIndex adjustment attachment manual transcription,https://m.sohu.com/a/738946563_313170/,Transcribed from public news reproduction of official CSIndex attachment,
CN,CSI300,603185,2023-11-24,2023-12-08,csi300-2023-11,弘元绿能,deletion,0,CSIndex adjustment attachment manual transcription,https://m.sohu.com/a/738946563_313170/,Transcribed from public news reproduction of official CSIndex attachment,
CN,CSI300,688005,2023-11-24,2023-12-08,csi300-2023-11,容百科技,deletion,0,CSIndex adjustment attachment manual transcription,https://m.sohu.com/a/738946563_313170/,Transcribed from public news reproduction of official CSIndex attachment,
CN,CSI300,000999,2023-11-24,2023-12-08,csi300-2023-11,华润三九,addition,1,CSIndex adjustment attachment manual transcription,https://m.sohu.com/a/738946563_313170/,Transcribed from public news reproduction of official CSIndex attachment,
CN,CSI300,002603,2023-11-24,2023-12-08,csi300-2023-11,以岭药业,addition,1,CSIndex adjustment attachment manual transcription,https://m.sohu.com/a/738946563_313170/,Transcribed from public news reproduction of official CSIndex attachment,
CN,CSI300,300308,2023-11-24,2023-12-08,csi300-2023-11,中际旭创,addition,1,CSIndex adjustment attachment manual transcription,https://m.sohu.com/a/738946563_313170/,Transcribed from public news reproduction of official CSIndex attachment,
CN,CSI300,301269,2023-11-24,2023-12-08,csi300-2023-11,华大九天,addition,1,CSIndex adjustment attachment manual transcription,https://m.sohu.com/a/738946563_313170/,Transcribed from public news reproduction of official CSIndex attachment,
CN,CSI300,600023,2023-11-24,2023-12-08,csi300-2023-11,浙能电力,addition,1,CSIndex adjustment attachment manual transcription,https://m.sohu.com/a/738946563_313170/,Transcribed from public news reproduction of official CSIndex attachment,
CN,CSI300,600372,2023-11-24,2023-12-08,csi300-2023-11,中航机载,addition,1,CSIndex adjustment attachment manual transcription,https://m.sohu.com/a/738946563_313170/,Transcribed from public news reproduction of official CSIndex attachment,
CN,CSI300,600489,2023-11-24,2023-12-08,csi300-2023-11,中金黄金,addition,1,CSIndex adjustment attachment manual transcription,https://m.sohu.com/a/738946563_313170/,Transcribed from public news reproduction of official CSIndex attachment,
CN,CSI300,600515,2023-11-24,2023-12-08,csi300-2023-11,海南机场,addition,1,CSIndex adjustment attachment manual transcription,https://m.sohu.com/a/738946563_313170/,Transcribed from public news reproduction of official CSIndex attachment,
CN,CSI300,600938,2023-11-24,2023-12-08,csi300-2023-11,中国海油,addition,1,CSIndex adjustment attachment manual transcription,https://m.sohu.com/a/738946563_313170/,Transcribed from public news reproduction of official CSIndex attachment,
CN,CSI300,601059,2023-11-24,2023-12-08,csi300-2023-11,信达证券,addition,1,CSIndex adjustment attachment manual transcription,https://m.sohu.com/a/738946563_313170/,Transcribed from public news reproduction of official CSIndex attachment,
CN,CSI300,601916,2023-11-24,2023-12-08,csi300-2023-11,浙商银行,addition,1,CSIndex adjustment attachment manual transcription,https://m.sohu.com/a/738946563_313170/,Transcribed from public news reproduction of official CSIndex attachment,
CN,CSI300,688041,2023-11-24,2023-12-08,csi300-2023-11,海光信息,addition,1,CSIndex adjustment attachment manual transcription,https://m.sohu.com/a/738946563_313170/,Transcribed from public news reproduction of official CSIndex attachment,
CN,CSI300,688256,2023-11-24,2023-12-08,csi300-2023-11,寒武纪-U,addition,1,CSIndex adjustment attachment manual transcription,https://m.sohu.com/a/738946563_313170/,Transcribed from public news reproduction of official CSIndex attachment,
CN,CSI300,688271,2023-11-24,2023-12-08,csi300-2023-11,联影医疗,addition,1,CSIndex adjustment attachment manual transcription,https://m.sohu.com/a/738946563_313170/,Transcribed from public news reproduction of official CSIndex attachment,
CN,CSI300,000069,2024-05-31,2024-06-14,csi300-2024-05,华侨城A,deletion,0,CSIndex adjustment attachment manual transcription,https://caifuhao.eastmoney.com/news/20240603103700580411950,Transcribed from public news reproduction of official CSIndex attachment,
CN,CSI300,000877,2024-05-31,2024-06-14,csi300-2024-05,天山股份,deletion,0,CSIndex adjustment attachment manual transcription,https://caifuhao.eastmoney.com/news/20240603103700580411950,Transcribed from public news reproduction of official CSIndex attachment,
CN,CSI300,002202,2024-05-31,2024-06-14,csi300-2024-05,金风科技,deletion,0,CSIndex adjustment attachment manual transcription,https://caifuhao.eastmoney.com/news/20240603103700580411950,Transcribed from public news reproduction of official CSIndex attachment,
CN,CSI300,300763,2024-05-31,2024-06-14,csi300-2024-05,锦浪科技,deletion,0,CSIndex adjustment attachment manual transcription,https://caifuhao.eastmoney.com/news/20240603103700580411950,Transcribed from public news reproduction of official CSIndex attachment,
CN,CSI300,600606,2024-05-31,2024-06-14,csi300-2024-05,绿地控股,deletion,0,CSIndex adjustment attachment manual transcription,https://caifuhao.eastmoney.com/news/20240603103700580411950,Transcribed from public news reproduction of official CSIndex attachment,
CN,CSI300,600754,2024-05-31,2024-06-14,csi300-2024-05,锦江酒店,deletion,0,CSIndex adjustment attachment manual transcription,https://caifuhao.eastmoney.com/news/20240603103700580411950,Transcribed from public news reproduction of official CSIndex attachment,
CN,CSI300,601155,2024-05-31,2024-06-14,csi300-2024-05,新城控股,deletion,0,CSIndex adjustment attachment manual transcription,https://caifuhao.eastmoney.com/news/20240603103700580411950,Transcribed from public news reproduction of official CSIndex attachment,
CN,CSI300,601615,2024-05-31,2024-06-14,csi300-2024-05,明阳智能,deletion,0,CSIndex adjustment attachment manual transcription,https://caifuhao.eastmoney.com/news/20240603103700580411950,Transcribed from public news reproduction of official CSIndex attachment,
CN,CSI300,603290,2024-05-31,2024-06-14,csi300-2024-05,斯达半导,deletion,0,CSIndex adjustment attachment manual transcription,https://caifuhao.eastmoney.com/news/20240603103700580411950,Transcribed from public news reproduction of official CSIndex attachment,
CN,CSI300,603486,2024-05-31,2024-06-14,csi300-2024-05,科沃斯,deletion,0,CSIndex adjustment attachment manual transcription,https://caifuhao.eastmoney.com/news/20240603103700580411950,Transcribed from public news reproduction of official CSIndex attachment,
CN,CSI300,688065,2024-05-31,2024-06-14,csi300-2024-05,凯赛生物,deletion,0,CSIndex adjustment attachment manual transcription,https://caifuhao.eastmoney.com/news/20240603103700580411950,Transcribed from public news reproduction of official CSIndex attachment,
CN,CSI300,688561,2024-05-31,2024-06-14,csi300-2024-05,奇安信-U,deletion,0,CSIndex adjustment attachment manual transcription,https://caifuhao.eastmoney.com/news/20240603103700580411950,Transcribed from public news reproduction of official CSIndex attachment,
CN,CSI300,000807,2024-05-31,2024-06-14,csi300-2024-05,云铝股份,addition,1,CSIndex adjustment attachment manual transcription,https://caifuhao.eastmoney.com/news/20240603103700580411950,Transcribed from public news reproduction of official CSIndex attachment,
CN,CSI300,001965,2024-05-31,2024-06-14,csi300-2024-05,招商公路,addition,1,CSIndex adjustment attachment manual transcription,https://caifuhao.eastmoney.com/news/20240603103700580411950,Transcribed from public news reproduction of official CSIndex attachment,
CN,CSI300,300418,2024-05-31,2024-06-14,csi300-2024-05,昆仑万维,addition,1,CSIndex adjustment attachment manual transcription,https://caifuhao.eastmoney.com/news/20240603103700580411950,Transcribed from public news reproduction of official CSIndex attachment,
CN,CSI300,300442,2024-05-31,2024-06-14,csi300-2024-05,润泽科技,addition,1,CSIndex adjustment attachment manual transcription,https://caifuhao.eastmoney.com/news/20240603103700580411950,Transcribed from public news reproduction of official CSIndex attachment,
CN,CSI300,300832,2024-05-31,2024-06-14,csi300-2024-05,新产业,addition,1,CSIndex adjustment attachment manual transcription,https://caifuhao.eastmoney.com/news/20240603103700580411950,Transcribed from public news reproduction of official CSIndex attachment,
CN,CSI300,600026,2024-05-31,2024-06-14,csi300-2024-05,中远海能,addition,1,CSIndex adjustment attachment manual transcription,https://caifuhao.eastmoney.com/news/20240603103700580411950,Transcribed from public news reproduction of official CSIndex attachment,
CN,CSI300,600027,2024-05-31,2024-06-14,csi300-2024-05,华电国际,addition,1,CSIndex adjustment attachment manual transcription,https://caifuhao.eastmoney.com/news/20240603103700580411950,Transcribed from public news reproduction of official CSIndex attachment,
CN,CSI300,600161,2024-05-31,2024-06-14,csi300-2024-05,天坛生物,addition,1,CSIndex adjustment attachment manual transcription,https://caifuhao.eastmoney.com/news/20240603103700580411950,Transcribed from public news reproduction of official CSIndex attachment,
CN,CSI300,600415,2024-05-31,2024-06-14,csi300-2024-05,小商品城,addition,1,CSIndex adjustment attachment manual transcription,https://caifuhao.eastmoney.com/news/20240603103700580411950,Transcribed from public news reproduction of official CSIndex attachment,
CN,CSI300,603296,2024-05-31,2024-06-14,csi300-2024-05,华勤技术,addition,1,CSIndex adjustment attachment manual transcription,https://caifuhao.eastmoney.com/news/20240603103700580411950,Transcribed from public news reproduction of official CSIndex attachment,
CN,CSI300,688009,2024-05-31,2024-06-14,csi300-2024-05,中国通号,addition,1,CSIndex adjustment manual transcription,https://caifuhao.eastmoney.com/news/20240603103700580411950,Transcribed from public news reproduction of official CSIndex attachment,
CN,CSI300,688082,2024-05-31,2024-06-14,csi300-2024-05,盛美上海,addition,1,CSIndex adjustment attachment manual transcription,https://caifuhao.eastmoney.com/news/20240603103700580411950,Transcribed from public news reproduction of official CSIndex attachment,
CN,CSI300,002007,2025-05-30,2025-06-13,csi300-2025-05,华兰生物,deletion,0,CSIndex adjustment attachment manual transcription,https://caifuhao.eastmoney.com/news/20250603115336028380800,Transcribed from public news reproduction of official CSIndex attachment,
CN,CSI300,002271,2025-05-30,2025-06-13,csi300-2025-05,东方雨虹,deletion,0,CSIndex adjustment attachment manual transcription,https://caifuhao.eastmoney.com/news/20250603115336028380800,Transcribed from public news reproduction of official CSIndex attachment,
CN,CSI300,002555,2025-05-30,2025-06-13,csi300-2025-05,三七互娱,deletion,0,CSIndex adjustment attachment manual transcription,https://caifuhao.eastmoney.com/news/20250603115336028380800,Transcribed from public news reproduction of official CSIndex attachment,
CN,CSI300,002812,2025-05-30,2025-06-13,csi300-2025-05,恩捷股份,deletion,0,CSIndex adjustment attachment manual transcription,https://caifuhao.eastmoney.com/news/20250603115336028380800,Transcribed from public news reproduction of official CSIndex attachment,
CN,CSI300,300450,2025-05-30,2025-06-13,csi300-2025-05,先导智能,deletion,0,CSIndex adjustment attachment manual transcription,https://caifuhao.eastmoney.com/news/20250603115336028380800,Transcribed from public news reproduction of official CSIndex attachment,
CN,CSI300,600745,2025-05-30,2025-06-13,csi300-2025-05,闻泰科技,deletion,0,CSIndex adjustment attachment manual transcription,https://caifuhao.eastmoney.com/news/20250603115336028380800,Transcribed from public news reproduction of official CSIndex attachment,
CN,CSI300,603659,2025-05-30,2025-06-13,csi300-2025-05,璞泰来,deletion,0,CSIndex adjustment attachment manual transcription,https://caifuhao.eastmoney.com/news/20250603115336028380800,Transcribed from public news reproduction of official CSIndex attachment,
CN,CSI300,001391,2025-05-30,2025-06-13,csi300-2025-05,国货航,addition,1,CSIndex adjustment attachment manual transcription,https://caifuhao.eastmoney.com/news/20250603115336028380800,Transcribed from public news reproduction of official CSIndex attachment,
CN,CSI300,002600,2025-05-30,2025-06-13,csi300-2025-05,领益智造,addition,1,CSIndex adjustment attachment manual transcription,https://caifuhao.eastmoney.com/news/20250603115336028380800,Transcribed from public news reproduction of official CSIndex attachment,
CN,CSI300,301236,2025-05-30,2025-06-13,csi300-2025-05,软通动力,addition,1,CSIndex adjustment attachment manual transcription,https://caifuhao.eastmoney.com/news/20250603115336028380800,Transcribed from public news reproduction of official CSIndex attachment,
CN,CSI300,302132,2025-05-30,2025-06-13,csi300-2025-05,中航成飞,addition,1,CSIndex adjustment attachment manual transcription,https://caifuhao.eastmoney.com/news/20250603115336028380800,Transcribed from public news reproduction of official CSIndex attachment,
CN,CSI300,601077,2025-05-30,2025-06-13,csi300-2025-05,渝农商行,addition,1,CSIndex adjustment attachment manual transcription,https://caifuhao.eastmoney.com/news/20250603115336028380800,Transcribed from public news reproduction of official CSIndex attachment,
CN,CSI300,601825,2025-05-30,2025-06-13,csi300-2025-05,沪农商行,addition,1,CSIndex adjustment attachment manual transcription,https://caifuhao.eastmoney.com/news/20250603115336028380800,Transcribed from public news reproduction of official CSIndex attachment,
CN,CSI300,688047,2025-05-30,2025-06-13,csi300-2025-05,龙芯中科,addition,1,CSIndex adjustment attachment manual transcription,https://caifuhao.eastmoney.com/news/20250603115336028380800,Transcribed from public news reproduction of official CSIndex attachment,
